"sampleID","x-coordinate","y-coordinate","Year","annuprec","annutemp","annusnowcount","annuNAO","Abrostola tripartita","Achlya flavicornis","Acronicta auricoma","Acronicta rumicis","Aethalura punctulata","Agrochola circellaris","Agrochola helvola","Agrochola lota","Agrotis clavis","Alcis jubatus","Alcis repandatus","Allophyes oxyacanthae","Amphipoea fucosa","Amphipoea lucens","Amphipoea oculea","Amphipyra perflua","Amphipyra tragopoginis","Anaplectoides prasinus","Anchoscelis helvola","Anticollix sparsatus","Antitype chi","Apamea crenata","Apamea furva","Apamea lateritia","Apamea monoglypha","Apamea remissa","Apamea rubrirena","Apamea scolopacina","Arctia caja","Arichanna melanaria","Autographa bractea","Autographa buraetica","Autographa excelsa","Autographa gamma","Autographa macrogamma","Autographa pulchrina","Brachionycha nubeculosa","Brachylomia viminalis","Bupalus piniarius","Cabera exanthemata","Cabera pusaria","Caradrina morpheus","Carsia sororiata","Catocala fraxini","Celaena haworthii","Celaena leucostigma","Cerapteryx graminis","Cerastis leucographa","Cerastis rubricosa","Chersotis cuprea","Chiasmia clathrata","Chloroclysta miata","Cirrhia icteritia","Cleora cinctaria","Clostera curtula","Clostera pigra","Coenocalpe lapidata","Coenophila subrosea","Colocasia coryli","Colostygia pectinataria","Conistra vaccinii","Cosmia trapezina","Crocallis elinguaria","Crypsedra gemmea","Cryptocala chardinyi","Cybosia mesomella","Cyclophora albipunctata","Dasypolia templi","Deileptenia ribeata","Deltote pygarga","Dendrolimus pini","Denticucullus pygminus","Diachrysia chrysitis","Diachrysia stenochrysis","Diachrysia tutti","Diacrisia sannio","Diarsia brunnea","Diarsia dahlii","Diarsia mendica","Diarsia rubi","Drepana falcataria","Dysstroma citratum","Dysstroma latefasciatum","Dysstroma truncatum","Ecliptopera silaceata","Ectropis crepuscularia","Eilema depressum","Eilema lurideolum","Eilema lutarellum","Electrophaes corylata","Elophos vittaria","Elophos vittarius","Enargia paleacea","Endromis versicolora","Ennomos autumnarius","Entephria caesiata","Epione repandaria","Epione vespertaria","Epirranthis diversata","Epirrhoe alternata","Epirrita autumnata","Euchoeca nebulata","Eulithis mellinata","Eulithis populata","Eulithis prunata","Eulithis testata","Euphyia unangulata","Eupithecia absinthiata","Eupithecia assimilata","Eupithecia conterminata","Eupithecia denotata","Eupithecia exiguata","Eupithecia icterata","Eupithecia indigata","Eupithecia intricata","Eupithecia lanceata","Eupithecia nanata","Eupithecia plumbeolata","Eupithecia pusillata","Eupithecia satyrata","Eupithecia subfuscata","Eupithecia succenturiata","Eupithecia tantillaria","Eupithecia tenuiata","Eupithecia virgaureata","Eupithecia vulgata","Eurois occultus","Euxoa nigricans","Euxoa tritici","Falcaria lacertinaria","Gazoryctra ganna","Geometra papilionaria","Gortyna flavago","Graphiphora augur","Gymnoscelis rufifasciata","Hada plebeja","Helotropha leucostigma","Hepialus fusconebulosus","Hepialus ganna","Hepialus hecta","Herminia grisealis","Herminia tarsipennalis","Heterothera serraria","Hydraecia micacea","Hydrelia flammeolaria","Hydrelia sylvata","Hydrillula pallustris","Hydriomena furcata","Hydriomena impluviata","Hydriomena ruberata","Hylaea fasciaria","Hyles gallii","Hypena crassalis","Hypena proboscidalis","Hypenodes humidalis","Hypomecis roboraria","Hyppa rectilinea","Idaea aversata","Idaea biselata","Idaea dimidiata","Idaea straminata","Ipimorpha subtusa","Jodis putata","Korscheltellus fusconebulosus","Lacanobia suasa","Lacanobia thalassina","Lampropteryx otregiata","Lampropteryx suffumata","Laothoe populi","Larentia clavaria","Leptologia lota","Lithomoia solidaginis","Lithophane consocia","Lithophane hepatica","Lithophane lamda","Lithophane socia","Litoligia literosa","Lomaspilis marginata","Lomographa bimaculata","Lomographa temerata","Lycia hirtaria","Lycia pomonaria","Lycophotia porphyrea","Macaria alternata","Macaria brunneata","Macaria liturata","Macaria loricaria","Macaria notata","Macaria signaria","Macaria wauaria","Macrothylacia rubi","Martania taeniata","Mesapamea secalis","Mesoleuca albicillata","Mesoligia literosa","Mesotype didymata","Mesotype parallelolineata","Mniotype adusta","Mniotype satura","Mythimna impura","Noctua pronuba","Nola aerugula","Notodonta dromedarius","Nycteola degenerana","Ochropacha duplaris","Ochropleura plecta","Ochyria quadrifasiata","Odontopera bidentata","Odontosia carmelita","Odontosia sieversi","Odontosia sieversii","Oligia latruncula","Operophtera brumata","Operophtera fagata","Opisthograptis luteolata","Orgyia antiqua","Orthosia gothica","Orthosia incerta","Orthosia opima","Panolis flammea","Papestra biren","Parascotia fuliginaria","Parastichtis suspecta","Pasiphila debiliata","Pelurga comitata","Pennithera firmata","Perizoma affinitatum","Perizoma albulatum","Perizoma alchemillatum","Perizoma blandiatum","Pheosia gnoma","Pheosia tremula","Photedes minima","Plagodis pulveraria","Platyperigea montana","Plemyria rubiginata","Plusia festucae","Plusia putnami","Poecilocampa populi","Polychrysia moneta","Polypogon tentacularius","Protolampra sobrina","Pterostoma palpinum","Ptilodon capucinus","Rivula sericealis","Rusina ferruginea","Schrankia costaestrigalis","Scoliopteryx libatrix","Scopula floslactata","Scopula immorata","Scopula immutata","Scopula incanata","Scopula ternata","Scotopteryx chenopodiata","Sedina pygmina","Selenia dentaria","Selenia tetralunaria","Sideridis rivularis","Spargania luctuata","Sphinx pinastri","Spilosoma lubricipedum","Staurophora celsia","Sunira circellaris","Syngrapha interrogationis","Thera firmata","Thera juniperata","Thera obeliscata","Thera variata","Tholera cespitis","Thumatha senex","Thyatira batis","Timandra griseata","Trichiura crataegi","Trichopteryx carpinata","Venusia cambrica","Xanthia icteritia","Xanthia togata","Xanthorhoe annotinata","Xanthorhoe decoloraria","Xanthorhoe designata","Xanthorhoe fluctuata","Xanthorhoe montanata","Xanthorhoe quadrifasiata","Xanthorhoe spadicearia","Xestia alpicola","Xestia baja","Xestia c-nigrum","Xestia fennica","Xestia sexstrigata","Xestia speciosa","Xylena solidaginis","Xylena vetusta"
"moth_dec_4_MB_SampleID_1",309216.000005887,6876228.0000055,2008,1137.98580646515,5.10833327968916,133,-0.378333333333333,0,1,0,0,1,1,1,1,0,1,1,0,1,1,1,1,0,0,0,0,0,0,1,0,1,0,1,0,0,1,0,0,0,0,0,1,1,1,1,1,1,0,1,0,0,0,1,0,1,1,1,1,0,1,1,0,0,0,1,0,1,0,1,0,0,0,1,1,0,0,0,0,1,0,1,1,1,1,1,0,1,1,1,1,1,1,0,1,0,1,1,0,1,0,0,1,1,1,0,1,1,0,0,1,0,1,0,0,0,1,0,1,1,1,1,1,1,1,1,1,1,0,1,0,1,1,1,0,0,1,0,1,1,0,1,0,0,1,1,0,0,1,0,1,1,0,0,1,1,1,1,0,0,1,0,1,0,1,1,1,1,0,1,0,0,1,0,1,1,0,0,1,1,1,0,0,0,0,1,1,1,0,1,1,1,1,0,1,1,0,1,1,0,1,0,1,1,0,1,0,1,0,1,1,1,0,1,1,1,1,0,1,1,1,1,0,1,1,1,1,0,1,0,1,0,0,1,0,1,0,1,1,1,1,0,1,0,0,1,0,0,1,1,1,1,1,1,0,1,0,0,0,1,1,1,1,1,0,1,1,1,0,0,1,1,1,0,0,0,0,1,1,0,1,0,0,1,1,1,0,0,1,0,1,0,1,0,0,0,1,0,1
"moth_dec_4_MB_SampleID_2",309216.0000061,6876228.00000972,2009,684.369232177735,3.93333330750466,129,-0.243333333333333,0,1,0,1,1,1,1,1,0,1,1,1,1,1,1,0,0,1,0,0,0,0,0,0,1,0,0,0,0,1,1,0,0,0,0,1,1,1,1,1,1,0,1,0,1,0,1,1,1,1,1,1,0,1,0,1,0,0,1,1,1,0,1,1,0,0,1,1,1,0,0,0,0,0,1,0,1,1,1,0,0,1,1,1,1,1,1,0,0,1,0,0,1,1,0,1,1,1,1,0,1,0,0,1,1,1,0,1,0,1,0,1,1,1,1,1,0,1,1,1,1,0,1,0,1,1,1,1,0,1,0,1,0,0,0,0,0,1,1,1,0,1,0,1,0,1,0,1,1,1,1,0,1,1,0,0,1,1,1,0,0,0,1,0,0,1,0,1,1,0,0,1,1,1,1,0,0,1,0,0,1,0,1,1,1,0,0,1,1,1,0,1,0,0,0,1,1,0,1,0,1,0,0,1,1,0,0,1,1,1,0,0,1,1,1,0,1,1,1,1,1,1,1,1,0,0,0,0,0,0,0,0,1,1,0,1,0,0,1,0,0,1,1,1,1,1,1,0,1,0,0,0,1,1,1,1,1,0,0,1,0,0,0,1,1,1,1,1,0,0,0,1,0,1,0,1,1,1,1,0,1,1,0,1,1,1,0,0,0,1,0,0
"moth_dec_4_MB_SampleID_3",309216.000001384,6876228.00000304,2010,709.133815765381,2.63333330551782,162,-1.1525,1,1,1,0,0,1,1,1,0,1,1,1,1,0,1,1,0,1,0,0,0,0,0,0,0,0,0,0,0,1,1,0,0,0,0,1,1,0,0,1,1,1,0,1,0,0,1,1,1,1,1,1,0,1,1,0,0,0,1,1,1,0,1,0,0,0,1,1,1,0,0,0,0,0,1,0,1,1,1,0,0,1,1,1,1,1,0,0,0,0,1,0,1,0,1,1,1,1,0,0,1,1,0,1,1,1,0,1,0,1,0,1,0,1,1,1,0,1,1,1,0,0,1,1,1,1,1,0,0,1,0,1,1,0,0,1,0,1,1,0,0,1,0,1,0,0,0,1,1,1,1,0,0,1,0,1,1,1,1,0,0,0,1,0,0,1,0,1,1,0,0,1,1,1,0,0,0,1,0,1,1,0,1,0,1,1,0,1,1,1,0,1,0,0,0,1,1,1,1,1,0,0,1,1,1,0,1,1,1,1,0,0,1,1,1,0,1,1,1,0,0,0,0,1,0,0,0,0,1,0,1,0,0,1,0,1,0,0,1,0,0,1,1,1,1,1,0,0,1,0,0,0,1,1,1,1,1,1,1,1,0,0,0,1,1,1,0,1,0,0,1,1,0,1,1,0,1,1,0,0,1,1,0,1,0,1,0,0,0,1,0,1
"moth_dec_4_MB_SampleID_4",309216.000003926,6876228.00000487,2011,813.001605033875,5.07500011970599,133,0.293333333333333,0,1,1,1,1,1,1,1,1,1,1,1,1,0,1,1,0,1,0,0,0,0,0,0,1,0,1,0,0,1,0,0,0,0,0,0,1,0,0,1,1,0,0,1,1,0,1,1,1,0,1,1,0,1,0,1,0,0,0,0,1,0,1,0,0,0,0,0,1,0,1,0,0,0,1,0,1,1,1,0,0,1,1,1,1,1,0,0,0,0,0,0,1,1,0,1,1,1,0,0,1,0,0,1,1,1,1,1,0,1,0,0,1,1,1,1,0,1,1,1,0,0,1,0,1,1,1,0,0,0,0,1,0,0,0,0,0,1,1,0,0,1,0,1,0,0,0,1,1,1,1,0,0,1,0,0,1,1,1,0,0,1,1,0,0,1,1,1,1,0,0,1,1,1,1,0,0,1,1,0,1,0,0,0,1,0,0,0,0,0,1,1,0,0,1,1,1,1,1,1,0,0,0,0,1,0,0,0,1,1,0,1,1,1,1,0,1,1,1,1,1,1,0,1,0,0,0,0,1,0,1,0,0,1,0,0,0,0,1,0,0,1,0,1,1,1,1,1,1,0,0,0,1,1,1,1,0,0,1,1,0,0,0,1,1,1,1,1,0,0,1,1,0,1,0,0,1,1,0,0,0,1,0,0,1,1,0,0,0,1,0,1
"moth_dec_4_MB_SampleID_5",309216.000002848,6876228.00000821,2012,1047.31044387817,3.43333332737286,157,-0.455833333333333,0,1,0,0,1,1,1,1,0,1,1,1,1,0,1,1,0,1,0,1,0,1,0,1,1,0,0,1,0,1,1,1,0,1,0,1,0,1,0,1,1,0,0,1,0,0,1,0,1,1,1,1,0,1,0,1,0,1,0,1,1,0,1,1,0,1,0,0,1,0,1,0,0,0,1,1,1,1,1,0,1,1,1,1,1,1,1,1,0,1,1,0,1,0,0,1,1,1,0,1,1,0,1,1,0,1,0,0,0,0,0,0,1,0,0,1,1,0,1,1,1,0,1,0,0,1,1,0,0,0,0,1,1,0,0,1,0,1,1,0,0,1,0,1,0,0,0,1,1,1,1,0,0,1,0,1,1,1,1,0,1,0,1,0,0,1,0,1,1,0,0,1,1,1,1,0,0,0,1,0,1,0,1,1,1,0,0,1,0,1,1,1,0,1,0,1,1,0,1,0,1,1,0,1,1,0,0,1,1,1,0,0,1,1,1,0,1,1,1,1,0,1,1,1,1,0,1,0,0,0,1,1,1,1,0,1,0,0,1,0,0,1,0,1,1,1,1,0,1,0,0,0,1,1,1,1,1,0,0,1,1,0,0,1,1,1,0,1,0,0,0,0,0,1,1,0,1,1,0,0,1,1,0,0,0,1,1,0,0,1,0,1
"moth_dec_4_MB_SampleID_6",309216.000006355,6876228.00000722,2013,716.977361679077,4.95833336499831,139,0.21,0,1,1,1,1,0,0,0,0,1,1,1,1,0,1,1,0,1,1,1,0,1,0,0,1,0,1,1,0,1,1,0,0,1,0,1,1,1,0,1,1,0,1,1,0,0,1,1,1,0,1,1,0,1,0,1,0,1,1,1,1,0,1,0,0,1,1,1,1,1,0,1,1,1,0,0,1,1,1,0,0,1,1,1,1,1,1,0,1,1,0,0,1,1,0,1,1,0,0,1,1,1,0,1,0,1,0,1,0,0,0,1,1,0,1,1,0,1,1,1,0,0,1,0,0,1,1,0,0,1,0,1,1,1,0,1,0,0,0,0,1,1,1,1,0,0,0,1,1,1,1,0,0,1,0,1,1,1,1,0,0,0,1,1,0,1,1,1,1,0,1,0,1,0,0,1,0,1,1,1,1,0,1,1,1,1,0,1,1,1,1,1,0,0,0,1,1,1,1,1,1,1,0,1,1,0,0,1,1,0,1,0,1,1,1,0,1,1,1,0,0,0,1,1,0,1,1,0,1,0,1,0,0,1,0,1,0,0,1,0,1,1,1,1,1,1,1,1,1,0,0,0,1,1,0,1,1,0,0,0,1,0,1,1,0,1,0,0,0,1,1,0,1,1,1,0,1,1,0,0,0,1,1,1,1,1,0,0,0,1,1,0
"moth_dec_4_MB_SampleID_7",309216.000005921,6876228.0000022,2014,684.209459304809,5.30000009139378,84,0.186666666666667,1,1,0,1,1,0,0,0,0,1,1,1,1,1,1,1,0,1,0,1,0,0,0,0,1,0,1,1,0,1,0,0,0,0,0,1,1,0,0,1,1,0,0,1,1,0,1,1,1,0,1,1,0,1,0,1,0,0,1,1,1,0,1,0,0,1,1,0,1,1,0,1,1,0,0,0,1,1,1,0,1,1,1,1,1,1,1,0,1,1,0,1,1,0,1,1,1,1,1,1,1,0,0,1,0,1,0,0,0,0,0,0,1,0,1,1,0,1,1,1,0,0,1,0,1,1,1,0,0,1,1,1,1,0,0,1,0,0,0,0,1,1,1,1,0,0,0,1,1,1,1,0,1,1,1,1,1,1,1,0,0,0,1,1,0,1,0,1,1,0,1,0,1,0,1,1,0,1,1,0,1,0,0,1,1,1,0,0,1,1,0,1,1,0,0,1,1,1,1,1,0,0,1,1,1,0,0,1,1,0,1,0,1,1,1,0,1,1,1,1,0,0,1,1,0,1,1,1,0,0,1,0,0,1,0,1,0,0,1,0,1,1,0,1,1,1,0,1,1,0,0,0,1,1,0,1,1,0,0,1,0,0,0,1,0,1,1,0,0,1,1,1,0,1,1,0,1,1,0,0,0,1,1,1,0,1,1,0,0,1,1,1
"moth_dec_4_MB_SampleID_8",309216.000002985,6876228.00000752,2015,868.157212257385,5.4833332033207,117,0.433333333333333,1,1,0,1,1,0,0,0,0,1,1,1,1,1,1,1,0,1,1,0,0,1,0,0,1,0,1,1,0,1,1,0,1,0,0,1,1,1,0,1,1,0,0,1,0,0,1,1,1,0,1,1,1,1,0,0,0,1,0,1,1,1,1,0,0,1,0,0,1,1,0,1,1,1,0,0,1,1,1,1,0,1,1,1,1,1,1,1,1,0,0,0,1,1,1,1,1,1,0,0,1,0,1,1,1,1,0,1,0,1,0,0,1,0,0,1,1,1,1,1,0,0,0,0,1,1,1,0,0,1,1,1,1,1,0,1,0,0,0,0,1,1,0,1,0,0,0,1,0,0,1,0,1,1,1,1,0,1,1,0,0,0,1,1,0,1,0,1,1,0,0,0,1,0,0,1,0,1,1,0,1,0,1,0,1,1,0,1,1,1,0,1,1,0,0,1,1,0,1,1,0,0,0,1,1,0,0,1,1,0,1,1,1,1,1,1,1,0,1,1,0,1,1,1,0,1,0,0,0,0,1,1,1,0,0,1,0,0,1,0,0,1,1,1,1,1,1,1,0,0,1,0,1,1,0,1,1,0,0,1,1,0,1,1,0,1,1,1,0,1,0,1,0,1,1,0,0,1,0,0,0,1,0,0,1,1,0,0,0,1,1,0
"moth_dec_4_MB_SampleID_9",248486.000009127,6900542.00000697,2008,1040.99625301361,5.08333338300387,122,-0.378333333333333,0,1,0,0,0,0,1,0,0,1,0,0,0,1,1,0,0,0,0,0,0,0,0,0,0,0,0,0,0,0,0,0,0,0,0,0,1,0,0,1,0,0,0,0,1,0,0,0,1,0,0,1,0,1,0,0,0,0,0,0,1,0,0,0,0,0,0,0,0,0,1,0,1,0,0,0,0,1,1,0,1,1,1,0,0,1,1,0,0,0,0,0,1,0,1,0,1,0,0,0,1,0,0,1,0,1,0,1,0,0,0,0,0,0,1,0,1,0,1,1,0,0,0,1,0,1,1,0,0,0,0,0,0,0,0,0,0,0,1,0,0,0,0,0,0,0,0,1,0,0,0,0,0,0,1,0,0,0,1,0,1,0,0,0,0,0,0,0,1,0,0,1,1,0,1,0,0,0,0,0,1,0,1,0,1,0,0,0,0,0,1,1,0,0,0,0,0,0,1,0,0,0,0,1,0,0,0,0,0,1,0,0,1,1,1,0,1,1,1,1,0,1,0,0,0,0,0,0,1,0,0,0,0,0,0,0,0,0,1,0,0,1,0,0,1,0,0,0,0,0,0,0,0,1,0,0,0,0,0,1,0,1,0,0,1,0,1,0,0,0,0,0,0,1,0,0,1,0,0,0,0,1,0,0,1,1,0,0,0,0,0,0
"moth_dec_4_MB_SampleID_10",248486.000007113,6900542.00000773,2009,646.49259185791,3.90833337108295,145,-0.243333333333333,0,1,0,0,0,1,0,1,0,0,0,0,0,1,1,0,1,0,0,0,0,0,0,0,1,0,0,0,0,1,0,0,0,0,0,0,1,0,0,0,0,0,1,0,1,0,1,0,0,0,0,1,0,0,0,0,0,0,0,0,1,0,1,1,0,0,0,0,0,0,0,0,0,0,0,0,0,1,1,0,0,1,1,1,0,1,0,0,0,0,0,0,1,0,0,1,0,1,1,0,1,0,0,1,1,1,0,1,0,0,0,0,1,1,1,0,1,1,1,1,0,0,0,0,1,1,1,1,0,0,0,1,0,0,1,0,0,1,1,0,0,0,0,1,0,0,0,1,1,0,1,0,0,0,1,0,0,1,1,0,1,0,0,0,0,0,1,0,0,1,0,1,1,0,1,0,0,0,0,0,1,0,1,0,1,0,0,0,0,0,1,1,0,0,0,0,0,0,0,0,0,0,0,0,0,0,0,0,0,0,0,0,1,1,0,0,1,1,1,0,0,1,1,1,0,0,0,0,0,0,1,0,1,0,0,1,0,0,1,0,0,1,0,0,0,0,0,0,1,0,0,0,1,0,1,0,0,0,0,1,0,1,0,1,1,1,1,0,0,1,0,0,0,1,0,1,1,1,1,0,0,1,0,0,0,0,0,0,0,1,0,1
"moth_dec_4_MB_SampleID_11",248486.000009941,6900542.00000818,2010,660.118133544922,2.5083332657814,168,-1.1525,0,1,0,0,0,0,1,1,0,0,1,0,1,1,1,1,0,0,0,0,0,0,0,0,0,0,0,0,0,1,0,0,0,1,0,1,0,1,0,0,0,0,1,1,1,0,1,0,1,0,0,1,0,1,0,0,0,1,0,0,1,1,0,1,0,0,0,1,1,0,0,0,0,0,0,0,0,0,1,0,0,1,1,1,1,1,0,0,1,0,1,0,1,1,1,1,1,0,0,0,1,0,0,1,0,1,0,1,0,0,0,1,0,1,1,0,1,0,1,1,0,0,1,0,1,1,0,0,0,1,0,1,1,0,1,0,0,1,1,0,0,0,0,0,0,0,0,1,0,1,0,0,0,0,1,0,0,0,1,0,1,1,1,0,0,0,0,1,1,0,0,1,1,1,1,0,0,1,0,0,1,0,1,0,1,0,0,1,0,0,0,1,0,0,0,1,0,1,1,1,0,1,0,1,0,0,0,1,0,0,0,0,1,1,0,0,1,0,1,0,0,0,0,1,0,0,0,0,0,0,1,0,0,1,0,1,0,0,1,0,0,1,0,1,1,0,0,1,0,0,1,0,1,1,1,1,0,0,0,1,0,1,0,1,1,1,1,0,0,0,0,1,0,1,1,1,1,0,0,0,1,1,0,1,1,0,1,0,0,0,0,0
"moth_dec_4_MB_SampleID_12",248486.000002538,6900542.00000935,2011,884.245014190674,5.1000000089407,147,0.293333333333333,0,1,0,0,0,0,1,0,0,0,1,0,0,1,1,0,1,0,0,0,0,0,0,0,0,0,0,0,0,0,0,0,0,0,0,0,1,0,0,0,1,0,0,1,0,0,1,0,1,0,0,0,0,1,0,0,0,0,0,0,1,0,0,0,0,0,0,0,0,0,0,0,0,0,0,0,0,1,1,0,0,1,1,1,0,1,0,0,0,0,0,0,1,0,0,0,0,0,1,0,1,0,0,1,0,1,0,0,0,0,0,0,0,0,1,1,0,0,1,1,0,0,1,0,0,1,0,0,0,0,0,1,0,0,1,0,0,1,1,0,0,0,0,1,0,0,0,1,0,0,1,0,0,1,1,0,0,0,1,0,1,0,1,0,0,0,0,0,0,0,0,1,1,1,1,0,0,1,0,0,1,1,1,0,1,0,0,1,0,0,0,1,0,0,0,0,0,1,1,0,0,0,0,1,0,0,0,0,0,1,0,0,1,1,0,0,1,1,1,1,0,0,0,1,0,0,0,0,0,0,0,0,0,1,0,1,0,0,1,0,0,1,0,1,1,0,0,0,1,0,0,0,1,0,1,1,0,0,0,0,0,1,0,1,1,0,1,0,0,0,0,1,0,1,0,0,1,0,0,0,0,1,0,0,0,1,1,0,0,1,0,1
"moth_dec_4_MB_SampleID_13",248486.000005141,6900542.00000059,2012,1172.07162666321,3.39999994138877,156,-0.455833333333333,0,1,0,0,0,0,1,1,0,1,0,0,1,1,1,1,1,0,0,0,0,0,0,0,0,0,0,0,0,1,1,0,0,0,0,0,1,1,0,1,1,0,1,0,1,0,1,0,1,0,1,1,0,1,0,0,0,1,0,0,1,1,1,0,0,1,0,0,1,0,1,0,0,0,0,1,1,1,1,0,0,1,1,1,0,1,1,1,1,0,1,0,1,0,0,0,0,0,0,0,1,0,0,1,0,1,0,1,0,0,0,0,1,0,1,0,1,1,1,1,1,0,1,1,0,1,1,0,0,1,0,1,0,0,1,0,0,1,1,0,0,0,0,1,0,0,0,1,0,0,1,0,0,1,1,1,0,1,1,0,1,1,1,0,0,0,0,0,0,0,0,1,1,1,1,0,0,1,0,1,1,0,1,0,1,0,0,1,0,0,0,1,0,0,1,1,1,0,1,0,0,1,0,1,1,0,0,0,0,1,0,0,1,1,0,0,1,1,1,0,0,1,0,1,0,0,0,0,0,0,1,1,0,0,0,1,0,0,1,0,0,1,0,1,1,1,0,1,1,0,0,0,1,1,1,1,0,0,0,0,0,1,0,1,1,1,1,0,0,1,0,0,1,1,1,1,1,0,0,0,0,1,0,0,1,1,0,0,0,1,0,1
"moth_dec_4_MB_SampleID_14",248486.000008404,6900542.00000277,2013,805.816553115844,4.81666668752829,162,0.21,0,1,0,0,0,0,0,0,0,0,1,1,1,1,1,1,0,1,1,0,0,1,0,0,0,0,0,1,0,1,0,0,0,1,0,1,1,1,0,1,1,0,1,1,0,0,0,0,1,0,0,1,0,1,0,0,0,1,0,0,1,1,0,0,0,1,1,0,0,0,0,0,0,0,0,1,1,1,1,0,0,1,1,1,0,0,1,1,1,0,0,0,1,1,0,0,1,1,0,0,1,0,0,1,0,1,0,0,0,0,0,0,0,0,1,0,1,1,1,1,1,0,0,0,0,1,1,0,0,1,1,1,1,0,1,0,1,0,0,0,0,1,0,0,0,1,0,1,0,0,0,0,0,0,1,0,1,1,1,0,1,0,1,1,1,0,0,0,1,0,0,0,1,0,1,0,0,1,0,0,1,0,1,0,1,1,0,1,0,0,1,1,0,0,0,1,0,0,1,0,0,1,0,1,0,0,0,1,0,0,0,0,1,1,1,0,1,1,1,0,1,1,1,1,0,1,0,0,0,0,1,0,0,1,0,1,1,0,1,0,0,1,0,1,1,1,0,0,1,0,0,1,1,1,0,1,0,0,0,0,0,1,1,1,0,1,1,0,0,0,0,0,1,1,0,0,1,1,0,0,0,1,0,0,0,1,0,0,0,1,1,0
"moth_dec_4_MB_SampleID_15",248486.0000053,6900542.00000919,2014,791.177089691162,5.19999997069438,114,0.186666666666667,1,1,0,0,0,0,0,0,0,1,1,0,0,1,1,0,0,0,1,0,0,0,0,0,0,0,0,0,0,0,0,0,0,0,0,1,1,1,0,0,1,0,0,1,0,0,0,0,1,1,0,1,0,1,0,0,0,1,0,0,1,1,0,0,0,1,0,0,0,1,0,1,0,0,0,0,1,1,1,0,0,1,0,1,1,0,1,0,1,1,0,1,1,1,1,0,1,0,1,0,1,0,0,1,0,1,0,0,0,0,0,0,0,0,1,0,1,1,1,1,0,0,1,0,0,1,1,0,0,0,1,0,1,0,1,0,0,0,0,0,0,0,0,0,0,0,0,1,1,0,0,0,1,0,1,1,0,1,1,0,1,0,1,1,0,1,0,0,1,1,0,0,1,0,1,1,0,1,0,0,1,0,1,0,1,1,0,0,0,0,1,1,1,0,0,0,0,0,1,1,0,1,0,1,1,0,0,1,0,0,1,0,1,1,0,0,1,1,1,0,1,0,0,1,0,1,0,0,0,1,0,1,0,1,0,1,0,0,1,0,0,1,0,0,1,1,0,0,1,0,0,0,1,0,0,0,0,0,0,0,0,0,1,1,0,1,1,0,0,1,0,0,0,1,1,0,0,0,0,0,1,1,0,0,1,1,1,0,0,1,1,1
"moth_dec_4_MB_SampleID_16",248486.000001324,6900542.00000237,2015,934.001298904419,5.27499991158645,139,0.433333333333333,0,1,0,0,0,0,0,0,0,0,1,1,1,1,1,1,1,1,1,0,0,1,0,0,1,0,0,0,0,1,0,0,0,1,0,1,1,1,0,0,1,0,1,1,0,0,1,0,1,0,1,1,0,1,0,0,0,1,0,0,1,1,1,0,1,1,0,0,1,1,1,1,1,0,0,0,0,1,1,0,1,1,1,1,0,1,1,1,1,0,0,0,1,1,1,0,1,0,1,0,1,0,0,1,0,1,0,1,0,0,0,0,1,0,1,0,1,1,1,1,0,0,0,0,0,1,1,0,0,1,1,0,0,0,1,0,0,0,0,0,0,0,0,0,0,0,0,1,1,0,1,0,0,0,1,1,0,1,1,0,1,0,0,1,0,1,0,0,1,1,1,0,1,0,1,1,1,1,0,0,1,0,1,0,1,0,0,0,0,0,0,1,1,0,0,1,0,0,1,1,0,0,0,1,0,0,0,0,0,0,1,0,1,1,0,1,1,1,1,1,0,1,1,1,0,1,0,0,0,1,1,1,1,1,0,1,0,0,1,0,0,1,0,1,1,1,0,0,0,0,0,0,1,0,0,0,0,0,0,0,0,0,1,1,0,1,1,1,0,1,0,0,0,1,0,0,1,0,0,0,1,1,0,0,1,1,1,0,0,1,1,1
"moth_dec_4_MB_SampleID_17",350204.000005262,7089854.00000473,2008,930.986166000366,4.23333327720562,153,-0.378333333333333,0,1,0,0,1,0,0,1,0,0,1,0,1,1,0,0,1,0,0,0,0,0,0,1,0,0,0,0,0,1,1,0,0,0,1,0,1,1,0,0,1,0,1,0,0,0,1,0,1,1,0,1,0,1,0,0,0,0,0,0,1,0,1,1,0,1,0,0,0,0,0,0,1,0,1,0,1,1,1,0,0,1,0,1,0,1,0,0,0,0,0,0,1,1,0,0,0,1,1,0,1,0,1,1,1,1,0,1,0,0,0,0,1,0,0,1,1,0,1,1,0,1,0,0,0,1,0,0,0,0,0,1,0,1,0,0,0,1,0,0,0,0,0,0,0,0,0,1,0,0,0,0,0,1,1,0,0,1,1,1,0,0,0,0,0,0,0,0,0,0,0,1,0,0,0,0,0,1,0,0,1,1,1,0,1,0,0,0,0,1,1,0,1,0,0,1,1,0,0,1,1,0,0,0,1,0,0,0,0,1,0,1,1,1,0,0,1,1,1,1,0,0,1,1,0,0,0,0,0,0,0,1,1,0,0,0,0,0,1,0,0,1,0,1,1,0,0,0,0,0,0,0,1,1,0,0,0,0,0,0,0,1,0,1,1,1,1,0,1,0,0,0,1,1,0,1,1,0,0,1,0,0,0,0,1,1,0,0,1,0,0,0
"moth_dec_4_MB_SampleID_18",350204.000000731,7089854.00000744,2009,603.638303756714,3.29999994734922,153,-0.243333333333333,1,1,0,0,0,1,0,1,0,0,1,0,1,1,1,0,0,0,0,0,0,1,0,0,0,0,0,0,0,1,1,0,0,1,0,1,1,0,0,1,1,0,0,0,1,0,1,0,1,1,1,1,0,1,0,1,1,0,1,1,1,0,1,1,1,0,1,0,0,0,0,0,1,0,1,0,1,1,1,1,1,1,1,1,1,1,0,0,0,0,0,0,0,0,0,1,1,1,0,0,1,0,1,1,1,1,0,1,0,0,1,0,0,1,0,0,1,0,1,1,0,1,1,0,1,1,1,0,0,0,0,0,1,1,0,0,0,1,0,0,0,0,1,1,0,0,0,1,0,1,1,0,0,1,0,0,1,1,1,0,0,0,1,0,0,0,0,0,1,0,0,1,1,0,1,0,0,1,0,0,1,0,1,0,1,0,0,0,0,1,0,1,0,0,1,1,1,0,0,1,1,0,0,0,1,0,0,1,0,0,0,1,0,0,1,0,1,1,1,0,0,0,1,1,0,0,1,1,1,0,0,0,1,1,0,1,0,0,0,0,0,1,1,1,1,1,0,0,1,1,0,0,1,1,1,1,0,0,0,0,0,1,0,1,1,0,1,0,0,0,0,1,0,1,0,1,1,0,1,0,0,1,0,0,1,1,0,0,1,0,0,0
"moth_dec_4_MB_SampleID_19",350204.000006113,7089854.00000396,2010,713.805892944336,1.64166671037675,171,-1.1525,1,0,0,0,0,0,0,1,1,0,1,0,1,1,1,0,1,0,0,0,0,1,0,0,0,0,1,0,0,1,1,1,0,1,0,1,1,0,0,1,1,0,1,0,1,0,1,0,1,1,1,1,0,1,0,1,1,0,0,1,1,0,1,0,1,1,1,1,0,0,0,0,1,0,1,0,1,1,1,1,0,1,0,1,0,1,0,0,0,0,0,0,0,1,1,1,1,1,0,0,1,0,1,1,1,1,0,1,1,0,0,0,0,1,1,0,0,0,1,1,0,1,0,0,0,1,0,0,0,1,0,1,1,1,0,1,0,1,0,0,0,0,0,1,0,0,0,1,1,1,1,0,0,1,1,0,1,0,1,1,1,1,1,0,0,0,0,1,1,0,0,0,0,0,0,0,0,1,0,0,1,0,1,0,1,0,1,1,0,1,1,1,1,0,0,1,1,1,0,1,1,0,0,0,1,0,0,1,0,1,0,0,1,0,1,0,1,1,1,1,1,0,1,1,0,0,0,0,1,0,1,0,1,1,0,1,0,0,1,0,1,1,1,1,1,1,0,0,1,1,0,0,1,1,1,1,1,0,1,0,0,1,0,1,1,1,1,0,1,0,0,1,0,1,0,0,1,0,0,1,0,1,0,0,1,1,0,0,0,0,0,0
"moth_dec_4_MB_SampleID_20",350204.000008371,7089854.00000915,2011,847.262604713441,4.38333331731459,133,0.293333333333333,1,1,0,0,0,0,0,1,1,0,1,0,1,1,1,0,0,0,0,0,0,1,0,0,0,0,0,0,0,1,0,0,0,0,0,1,1,0,0,1,1,0,0,1,0,1,1,0,1,1,1,1,0,1,0,0,1,0,0,1,1,0,1,0,0,1,0,0,0,0,0,0,1,0,1,1,0,1,1,0,1,1,0,1,0,1,0,0,0,0,0,0,1,0,0,0,1,1,0,1,1,0,1,1,1,1,0,1,0,0,0,0,0,1,1,0,0,0,1,1,1,0,0,0,0,1,1,0,1,1,0,1,0,0,0,1,0,1,0,0,0,0,0,1,0,0,0,1,0,1,1,0,0,1,0,0,1,1,0,1,0,0,1,0,0,0,1,0,1,0,0,1,0,0,1,0,0,1,0,0,1,0,0,0,1,1,0,0,0,1,1,1,1,0,0,1,1,1,0,1,1,0,1,0,0,0,0,1,0,1,0,0,0,0,1,0,1,1,1,1,1,0,0,1,0,0,0,1,1,0,0,0,0,1,1,1,0,0,1,0,1,1,0,1,1,1,0,0,1,0,0,0,1,1,1,1,0,0,0,0,1,1,0,1,1,0,1,0,1,0,0,1,0,1,0,1,1,0,0,0,0,1,0,0,1,1,0,0,0,0,0,0
"moth_dec_4_MB_SampleID_21",350204.00000751,7089854.00000282,2012,905.360514640808,2.7166667530934,157,-0.455833333333333,1,1,0,0,0,0,0,1,1,0,1,0,1,1,1,0,1,0,0,0,0,1,0,0,0,1,0,1,0,1,1,0,0,1,0,1,1,1,0,1,1,0,0,1,1,0,1,0,1,1,1,1,0,0,0,0,0,0,0,1,1,0,1,0,0,1,0,0,0,0,0,0,1,0,1,1,1,1,1,1,0,1,0,0,0,1,0,0,0,0,0,0,1,0,1,0,1,1,0,0,1,0,1,1,1,1,0,0,0,0,0,0,0,0,1,0,0,0,1,1,0,1,0,0,0,1,1,0,0,0,0,1,1,1,0,0,0,1,0,0,0,0,0,1,0,0,0,1,0,0,1,0,0,1,0,0,0,1,1,1,1,1,1,0,0,1,0,0,1,0,0,1,1,1,1,0,0,1,0,0,1,1,1,1,1,0,0,0,0,1,1,1,1,0,0,1,1,0,0,1,1,0,1,1,1,0,1,0,0,1,0,0,1,1,1,0,1,1,1,1,0,0,1,1,1,0,0,1,1,0,0,0,1,0,0,1,0,0,1,1,1,1,1,1,1,1,0,1,1,0,1,0,1,1,1,1,0,0,0,0,1,1,0,1,1,0,0,0,1,1,0,1,0,1,0,1,1,0,0,0,0,1,0,0,0,1,0,0,0,1,0,1
"moth_dec_4_MB_SampleID_22",350204.000006936,7089854.00000665,2013,789.841916084289,4.49166658520699,150,0.21,0,1,0,0,1,0,0,0,0,0,1,0,1,1,1,0,1,0,1,0,0,1,0,0,0,0,0,0,0,1,1,0,0,0,1,1,1,0,0,1,1,0,0,0,0,0,1,0,1,1,1,1,1,1,0,1,0,0,1,1,1,1,1,1,1,1,1,1,0,0,1,1,1,1,0,1,1,1,1,1,1,1,0,0,1,1,1,0,1,1,0,0,0,0,0,0,1,1,0,0,1,1,1,1,1,1,0,1,1,0,1,0,1,1,1,0,0,0,1,1,0,0,1,0,1,1,1,0,0,1,0,1,0,1,0,0,0,0,0,0,0,0,0,1,0,1,0,1,1,1,1,0,0,1,1,0,1,1,1,1,0,0,1,1,0,1,0,1,1,0,1,0,1,0,0,0,0,1,1,1,1,1,1,0,1,1,1,1,0,1,1,0,1,0,0,1,1,1,0,1,1,1,0,1,1,0,0,1,0,0,1,0,1,0,1,0,1,1,1,1,0,0,1,1,0,1,0,1,1,0,0,0,1,1,0,1,0,1,1,1,1,1,0,1,1,1,0,1,1,0,0,1,1,1,0,1,1,0,1,1,1,1,0,1,0,0,0,0,1,1,0,1,1,1,1,0,1,0,1,0,0,1,1,0,1,1,0,0,1,0,1,1
"moth_dec_4_MB_SampleID_23",350204.000007496,7089854.0000073,2014,733.924227714539,4.87500002483528,99,0.186666666666667,1,1,1,0,0,0,0,0,1,0,1,0,1,1,1,0,0,1,0,0,0,1,0,0,0,0,0,0,0,1,1,0,1,1,0,1,1,1,1,1,1,0,1,1,1,0,1,0,1,0,1,1,0,0,0,0,0,0,1,1,1,0,1,0,1,1,1,1,0,1,0,1,1,1,0,0,1,1,1,1,1,1,0,1,0,1,0,0,0,0,0,0,0,0,0,0,1,1,0,0,1,0,0,1,1,1,0,1,1,0,0,0,1,1,1,0,0,0,1,1,0,0,1,0,0,1,1,1,0,0,0,1,1,1,0,1,0,0,0,0,0,0,0,1,1,0,1,1,1,1,1,0,0,1,0,0,1,1,1,1,1,0,1,1,0,1,0,1,1,0,1,0,0,0,0,1,0,1,0,0,1,1,0,0,1,0,0,0,0,1,0,1,1,0,0,1,1,0,0,1,1,0,0,1,1,0,0,0,0,0,0,1,1,0,1,0,1,1,1,1,0,0,1,0,1,1,0,1,1,1,0,0,1,0,0,1,0,1,1,0,1,1,1,1,1,1,0,0,1,1,1,0,1,1,0,0,1,0,0,1,1,0,0,1,0,0,1,0,1,1,0,1,0,1,0,0,1,0,1,1,0,1,1,1,0,1,0,0,0,1,1,1
"moth_dec_4_MB_SampleID_24",350204.000001286,7089854.00000205,2015,897.89695930481,5.09166662705441,133,0.433333333333333,1,1,1,0,0,0,0,0,1,0,1,0,1,0,1,0,0,1,0,0,0,1,0,1,0,0,0,0,0,1,1,0,0,0,0,1,0,0,0,1,1,0,0,0,0,0,1,1,1,1,1,1,0,1,0,0,0,0,1,1,1,0,1,0,0,1,1,0,0,0,0,1,1,1,0,1,1,1,1,1,0,1,0,1,1,0,0,0,0,0,0,0,1,1,0,0,0,1,0,0,1,0,1,1,1,1,0,1,0,0,0,0,1,0,1,0,0,0,1,1,0,0,0,0,0,1,1,0,0,0,0,1,1,1,0,0,0,0,0,0,0,1,0,1,0,0,0,1,0,0,1,1,0,1,0,1,0,1,1,1,0,0,1,1,0,0,0,1,1,0,1,0,0,0,0,1,0,1,1,0,1,0,1,0,1,0,0,0,0,1,0,0,1,0,0,1,1,1,0,1,1,0,0,0,0,0,0,0,1,0,1,0,1,0,0,0,1,1,1,1,0,0,1,1,0,1,0,0,1,0,0,0,1,0,0,1,0,1,1,0,0,1,0,1,1,1,0,1,1,0,0,0,1,1,0,1,0,0,0,0,1,0,1,1,0,0,0,0,1,0,0,1,0,1,0,0,1,0,0,0,0,1,0,0,0,1,0,0,1,0,0,0
"moth_dec_4_MB_SampleID_25",350204.000002112,7089854.00000382,2016,870.814062595367,3.89166666070619,152,-0.0383333333333333,1,0,0,0,0,0,0,0,0,0,0,0,1,1,1,0,0,1,0,0,0,1,0,0,0,0,0,0,0,1,1,0,0,1,0,1,0,0,1,1,1,0,0,0,0,0,1,0,0,0,1,1,1,0,0,0,1,0,1,0,1,1,1,0,0,1,0,0,0,0,0,1,1,1,0,1,1,1,1,1,0,1,0,1,1,1,0,0,1,1,0,0,1,0,0,0,1,1,0,0,1,0,0,1,1,1,0,1,1,0,0,0,0,1,1,0,0,0,1,1,0,0,1,0,0,1,1,0,0,1,0,1,1,1,0,0,1,0,0,0,0,0,0,1,0,0,1,0,1,1,0,0,0,1,0,0,0,0,1,0,0,0,0,1,1,1,0,1,1,0,1,0,0,0,0,0,0,1,0,0,0,0,1,0,1,0,0,0,0,1,0,0,0,0,0,1,1,0,0,1,1,0,0,1,0,0,0,1,1,0,0,0,1,1,1,0,0,0,0,0,0,0,1,1,0,1,0,1,0,0,0,0,0,1,0,1,0,1,1,1,0,1,1,1,1,1,0,1,1,0,0,0,0,1,0,1,1,0,0,0,0,0,0,1,0,1,1,0,1,0,0,0,0,0,0,0,1,0,0,0,0,1,1,1,0,1,0,0,1,1,1,0
"moth_dec_4_MB_SampleID_26",300674.000000482,7091166.00000392,2008,740.354956150056,5.09166669473052,131,-0.378333333333333,0,1,0,0,0,0,1,1,0,0,0,0,1,1,1,0,0,0,0,0,1,0,0,1,0,1,1,0,0,0,0,0,0,0,0,0,1,1,0,0,0,1,1,0,0,0,1,0,1,1,0,1,0,1,0,0,0,0,0,0,1,0,1,0,0,0,0,1,0,0,0,0,0,0,0,0,0,1,1,0,0,1,0,0,0,0,0,1,0,0,0,0,1,1,1,0,0,0,0,0,1,0,1,1,0,1,0,1,0,0,0,0,0,0,0,1,1,0,1,0,0,1,0,0,0,0,0,0,0,0,0,0,0,0,0,0,0,0,0,0,0,0,0,0,0,0,0,1,0,0,1,0,0,0,0,0,0,1,0,1,1,0,0,0,0,0,0,0,1,0,0,1,0,0,0,0,0,0,0,0,1,0,1,0,0,1,0,0,0,0,0,0,1,0,1,0,0,0,0,1,1,0,0,0,1,0,0,1,0,1,0,1,1,0,0,0,1,1,0,1,0,0,0,0,0,0,0,0,0,1,1,0,1,0,0,0,0,0,1,0,0,1,1,1,0,0,0,0,0,0,1,0,0,1,0,0,0,0,0,0,0,1,0,1,1,0,0,0,1,0,0,0,0,0,0,1,1,0,0,0,0,1,0,0,0,1,0,0,1,0,0,0
"moth_dec_4_MB_SampleID_27",300674.000000508,7091166.00000275,2009,528.10684299469,4.35000006357829,132,-0.243333333333333,1,1,0,0,0,0,1,1,0,0,1,0,1,1,1,0,1,0,0,0,1,0,1,0,0,0,0,0,0,0,0,0,0,1,0,0,0,1,0,0,0,1,0,0,1,1,1,0,0,0,0,1,0,0,0,0,0,0,0,0,1,0,1,0,0,0,0,0,0,0,0,0,0,0,1,0,0,1,1,0,0,1,0,1,0,0,0,0,0,0,0,0,1,1,1,1,0,1,0,0,1,0,0,1,0,1,0,0,0,0,1,0,0,0,1,0,0,1,1,0,0,1,0,0,0,1,1,0,1,0,0,0,0,0,0,0,0,0,0,0,0,0,0,0,0,0,0,1,0,1,1,0,0,0,0,0,0,1,0,0,1,0,0,0,0,0,0,0,1,0,0,1,0,0,1,0,0,0,0,0,1,1,0,0,1,0,0,0,0,0,0,0,0,0,1,0,0,0,0,1,1,0,0,0,0,0,0,0,0,1,0,0,1,1,1,0,1,1,0,0,0,0,1,1,0,0,0,0,0,0,0,0,0,0,1,0,0,0,1,0,1,0,0,0,0,0,0,0,0,0,0,0,0,1,1,0,0,0,0,1,0,1,0,1,1,1,1,0,1,0,0,0,1,1,0,1,1,0,0,1,1,0,0,0,1,1,0,0,0,0,0,0
"moth_dec_4_MB_SampleID_28",300674.000006216,7091166.00000064,2010,564.735541343689,2.33333334326745,186,-1.1525,0,1,0,0,0,0,1,1,0,0,0,0,1,1,1,0,0,0,0,0,0,0,0,0,0,0,0,0,0,0,0,0,0,0,0,0,1,0,0,0,0,0,0,0,0,0,1,0,0,0,0,1,0,0,0,0,0,0,0,0,1,0,0,0,0,0,0,1,0,0,0,0,0,0,1,0,0,1,1,0,0,1,0,1,0,1,0,0,0,0,0,0,1,0,1,0,0,0,0,0,1,0,0,1,0,1,0,0,0,0,0,0,0,0,0,0,0,0,0,1,0,0,0,0,0,0,0,0,0,1,0,0,1,0,0,0,0,0,0,0,0,0,0,0,0,0,0,0,1,1,0,0,0,0,0,0,0,0,0,0,0,0,0,0,0,0,0,0,0,0,0,1,0,0,0,0,0,0,0,0,1,0,0,0,0,0,0,0,0,0,0,0,0,0,1,0,0,0,0,1,0,0,0,0,0,0,0,0,0,1,0,0,1,1,0,0,1,1,0,1,0,0,0,0,0,0,0,0,1,1,1,0,0,0,0,0,0,0,1,0,0,1,0,0,1,1,0,0,1,0,0,0,0,1,1,0,1,0,0,0,0,0,0,1,1,0,1,0,1,0,0,0,1,0,0,0,1,0,0,0,0,1,0,0,1,0,1,0,0,0,0,0
"moth_dec_4_MB_SampleID_29",300674.000003843,7091166.00000949,2011,669.096150398254,4.96666671832403,117,0.293333333333333,0,1,0,1,0,0,0,1,0,0,0,0,1,1,1,0,0,0,0,0,0,0,0,1,0,0,1,0,0,0,0,0,0,0,0,1,1,1,0,0,0,1,0,0,0,1,1,0,1,0,0,0,0,0,0,0,0,0,0,0,1,0,0,0,0,0,0,1,0,0,0,0,0,0,0,0,0,0,1,0,1,1,0,0,0,0,0,0,0,0,0,0,1,1,1,0,0,0,0,0,1,0,0,1,0,1,0,0,0,0,0,0,0,0,0,0,0,0,0,0,0,0,0,0,0,0,0,0,0,0,0,0,1,0,0,0,0,0,0,0,0,0,0,1,0,0,0,0,0,0,0,1,0,0,0,0,0,0,0,0,0,1,0,0,0,0,0,0,0,0,0,1,0,0,0,0,0,0,0,0,1,0,0,0,0,0,0,1,0,0,0,0,0,0,0,0,0,0,0,0,0,0,1,0,0,0,0,0,0,0,0,1,0,0,0,0,1,1,1,0,0,0,0,0,0,0,0,0,0,0,0,0,1,0,0,0,0,0,1,0,0,0,0,0,0,0,0,0,0,0,0,0,0,0,1,1,0,0,0,0,0,1,0,1,1,0,0,0,1,0,0,1,1,0,0,0,1,0,0,0,1,0,0,0,0,0,0,0,0,0,0,0
"moth_dec_4_MB_SampleID_30",300674.000005324,7091166.00000627,2012,784.935399055481,3.72499993195136,143,-0.455833333333333,0,0,0,0,0,0,0,1,0,0,0,0,1,0,1,0,0,0,0,0,1,0,0,0,0,0,0,0,0,1,0,0,0,1,0,0,0,0,0,0,0,1,1,0,0,0,1,0,1,0,0,0,0,0,0,0,0,0,0,0,1,0,1,0,0,0,0,1,0,0,0,0,0,0,0,0,0,1,0,0,0,1,0,0,0,0,0,0,1,0,0,0,1,1,1,0,0,1,0,0,1,0,0,1,0,1,0,0,0,0,0,0,0,0,0,0,0,0,1,0,0,0,0,0,0,0,0,0,0,0,0,0,1,0,0,0,0,0,0,0,0,0,0,1,0,0,0,0,0,0,0,0,0,0,1,0,0,1,0,0,0,0,1,0,0,0,0,0,0,0,0,0,0,1,0,0,0,0,0,0,1,0,0,0,0,0,0,0,0,0,0,0,1,0,1,0,0,0,0,0,1,0,0,1,0,0,0,0,0,0,0,0,0,0,0,0,1,1,0,0,0,0,0,0,0,0,0,0,0,1,1,0,1,0,0,0,0,0,1,0,0,0,0,0,0,0,0,0,0,0,0,0,0,1,1,0,0,0,0,0,0,0,0,1,1,0,0,0,1,0,0,0,0,0,0,0,1,0,0,0,0,0,0,0,0,1,0,0,0,0,0,0
"moth_dec_4_MB_SampleID_31",300674.000004572,7091166.00000582,2013,739.865740299225,5.26666671534379,134,0.21,1,1,0,1,0,0,0,0,0,0,0,0,1,1,1,0,0,0,1,0,0,0,0,0,0,0,0,0,0,0,0,0,0,1,0,0,1,0,0,0,0,0,0,0,0,0,1,0,0,1,0,1,1,0,0,0,0,0,1,0,1,0,0,0,0,0,0,1,0,0,0,1,1,1,0,0,0,0,0,0,0,1,0,1,0,0,0,1,0,0,0,0,1,0,1,0,1,0,0,0,1,0,0,1,0,1,0,0,0,0,0,0,0,0,1,0,0,0,1,0,0,0,0,0,0,1,0,0,0,0,0,0,1,0,0,0,0,0,0,0,0,0,0,1,0,0,0,0,0,1,0,0,0,0,0,0,0,1,0,1,0,0,0,0,0,0,0,0,0,0,1,0,1,0,0,0,1,0,0,0,1,0,0,0,0,0,0,0,0,0,0,0,0,0,0,0,0,0,1,0,0,0,1,0,0,0,0,0,0,0,0,0,0,0,0,0,1,0,0,0,0,0,1,0,0,1,0,0,0,0,0,0,0,0,0,0,0,0,1,0,0,1,0,0,0,0,0,0,0,0,0,0,1,1,0,0,1,0,0,1,0,1,0,1,0,1,0,0,1,0,0,0,0,0,0,0,0,0,0,0,0,0,0,0,1,1,0,0,0,0,1,0
"moth_dec_4_MB_SampleID_32",300674.00000176,7091166.0000078,2014,661.673645019531,5.6833332926035,109,0.186666666666667,0,1,0,0,0,0,0,0,0,0,0,0,1,0,0,0,0,0,1,0,0,0,1,0,0,0,0,0,0,0,0,0,0,0,0,0,1,0,0,0,0,0,0,0,0,0,1,0,0,0,0,0,0,0,0,0,0,0,0,0,1,0,0,0,0,0,0,1,0,0,0,1,0,0,0,0,0,0,0,0,0,1,0,0,0,0,0,0,0,0,0,0,0,1,1,0,0,0,0,0,1,0,0,1,0,1,0,0,0,0,0,0,0,0,0,0,0,0,1,1,0,0,0,0,0,0,0,0,0,0,0,0,0,0,0,0,0,0,0,0,0,0,0,1,0,0,0,0,0,0,0,0,0,0,0,0,0,1,1,0,0,0,0,0,0,0,0,0,0,0,0,0,0,0,0,0,0,0,0,0,1,0,0,0,0,0,0,0,0,0,0,0,0,0,0,0,0,0,0,0,0,0,0,0,0,0,0,0,0,0,0,1,0,0,0,0,1,0,1,0,0,0,0,0,0,1,0,0,0,0,0,0,0,0,0,0,0,0,1,0,0,0,0,1,0,0,0,0,0,0,0,0,0,1,0,0,0,0,0,1,0,0,0,1,0,0,0,1,1,0,0,0,0,0,0,0,0,0,0,0,0,0,0,0,0,0,0,0,1,0,1,0
"moth_dec_4_MB_SampleID_33",661733.000007546,7091430.00000623,2008,1047.66680908203,2.67500004172325,189,-0.378333333333333,0,1,0,0,0,0,0,0,0,1,1,0,0,0,0,0,0,0,0,0,0,0,0,0,0,0,0,0,1,1,0,0,0,0,0,0,0,0,1,1,1,0,1,0,1,0,1,0,0,0,0,1,0,0,1,1,0,0,1,0,0,0,1,1,0,1,1,1,0,0,0,0,0,0,0,1,1,1,1,0,1,1,1,1,1,1,0,0,0,1,1,0,1,0,0,1,0,1,1,0,1,0,0,1,0,1,0,1,0,1,0,0,0,1,0,0,0,0,1,1,1,0,1,0,1,1,1,0,0,0,0,0,0,0,0,0,0,1,0,0,0,1,0,1,0,0,0,1,1,1,1,0,0,1,1,0,1,1,1,0,1,0,1,0,0,0,0,0,1,0,0,1,1,0,0,0,0,1,0,0,1,0,1,0,1,0,1,1,0,0,0,1,0,0,0,1,1,1,0,0,0,1,0,1,1,0,0,1,0,1,0,0,1,0,0,0,1,0,0,0,1,0,1,1,0,0,0,0,0,0,1,0,0,1,0,0,0,0,1,0,1,1,0,1,1,0,1,0,1,0,0,0,1,1,0,1,1,0,1,1,0,0,0,1,1,1,0,1,0,1,0,0,1,1,0,0,1,1,0,1,0,1,0,1,0,1,0,1,0,1,0,0
"moth_dec_4_MB_SampleID_34",661733.000002445,7091430.00000513,2009,738.588850021362,1.6416667594264,184,-0.243333333333333,0,0,0,0,1,1,0,0,0,0,1,0,1,0,0,0,0,0,0,0,0,0,0,0,0,0,0,0,0,1,0,0,0,0,0,0,0,0,0,1,0,0,1,0,1,0,1,0,0,0,0,1,0,1,0,0,1,0,1,0,0,0,1,0,0,1,0,1,0,0,1,0,0,0,0,0,1,1,1,0,0,1,1,1,1,1,0,0,0,0,1,0,1,0,0,1,1,1,0,0,1,0,0,1,0,1,0,0,0,1,0,0,0,0,1,0,0,0,1,1,1,0,1,0,1,1,1,0,0,0,0,1,0,0,0,0,0,1,0,1,0,0,0,0,0,0,0,1,1,1,1,0,0,0,1,0,0,0,0,0,0,0,1,0,0,0,0,0,0,0,0,1,1,0,1,0,0,0,0,0,0,0,1,1,1,0,0,0,0,0,0,1,0,0,0,1,0,1,0,0,0,0,0,1,1,0,0,1,0,0,0,0,1,1,0,1,1,0,0,0,0,0,1,0,0,0,0,0,0,0,1,0,1,1,0,0,0,0,1,0,0,0,1,1,0,0,1,0,1,0,0,0,1,0,1,1,1,0,0,1,0,0,0,1,1,1,0,0,0,0,0,0,1,0,0,1,1,1,1,0,0,1,0,1,1,0,0,1,0,1,0,0
"moth_dec_4_MB_SampleID_35",661733.000003,7091430.00000999,2010,734.130583763123,0.525000055631006,189,-1.1525,0,1,0,0,0,0,1,0,0,1,1,0,0,0,0,0,0,0,0,0,0,0,0,0,0,0,0,0,0,1,1,0,0,0,0,1,1,0,0,1,0,0,1,1,1,0,1,0,0,1,0,1,0,1,0,0,0,0,1,0,0,1,0,0,0,0,0,1,0,0,0,0,0,0,0,0,1,1,1,0,0,1,1,1,1,1,0,0,0,0,1,0,1,0,0,1,1,1,1,0,1,0,0,1,0,1,0,0,0,1,0,1,0,0,1,0,1,1,0,1,1,0,0,0,0,1,1,0,0,1,0,1,0,1,0,0,0,1,0,1,0,0,0,0,0,0,0,1,1,1,1,0,0,0,1,0,0,0,0,0,0,0,1,0,0,1,0,1,1,0,0,1,0,0,0,0,0,0,0,0,1,0,1,0,1,0,0,0,0,0,1,1,0,0,0,1,0,0,0,0,0,0,0,0,1,0,0,1,1,1,0,0,1,0,0,0,1,0,0,0,1,0,0,1,0,0,1,0,0,0,0,0,0,1,0,1,0,0,1,0,1,1,1,1,0,0,0,0,1,0,0,0,1,1,1,1,1,0,0,0,0,0,0,1,0,1,0,0,0,0,0,1,0,1,1,0,1,1,1,0,0,1,0,1,0,0,0,1,0,0,0,0
"moth_dec_4_MB_SampleID_36",661733.000004258,7091430.00000986,2011,856.071649551392,2.86666667958101,162,0.293333333333333,0,1,0,0,0,0,0,0,0,0,1,1,1,1,0,0,0,0,0,0,0,1,0,0,0,0,0,0,0,1,0,0,1,0,0,1,1,1,0,1,1,0,1,1,1,0,1,0,0,1,1,1,0,0,0,1,1,0,1,0,0,0,1,1,1,0,1,1,0,0,0,0,0,0,1,0,1,1,1,1,1,1,0,0,1,1,0,0,0,0,1,0,1,1,0,1,1,1,0,0,1,0,0,1,0,1,0,0,0,1,0,0,0,0,1,1,0,1,1,1,1,1,0,0,0,1,1,0,0,1,0,1,0,0,1,0,0,1,0,0,0,0,0,1,0,0,0,1,1,1,1,0,0,0,1,0,0,0,1,0,0,0,1,0,0,0,0,0,1,0,0,1,0,0,1,0,0,1,0,0,1,0,1,1,1,0,0,1,0,0,1,1,0,0,0,1,1,0,1,1,0,0,0,1,1,0,0,1,0,1,0,0,1,1,0,0,1,0,0,1,1,0,1,0,0,0,1,0,0,0,0,0,0,1,0,1,0,0,1,0,0,1,1,1,1,0,1,1,1,0,1,0,1,1,1,1,1,0,0,1,0,0,0,1,1,1,0,0,0,0,1,1,1,0,0,1,1,1,0,0,0,1,0,1,1,1,0,1,0,1,0,0
"moth_dec_4_MB_SampleID_37",661733.000002411,7091430.00000654,2012,1089.18799591064,1.08333337803682,199,-0.455833333333333,0,1,1,0,0,0,0,0,0,1,1,0,1,1,1,0,0,0,0,0,0,0,0,0,0,0,0,0,1,1,0,0,0,0,0,1,0,0,1,1,1,0,1,1,1,1,1,0,1,1,1,1,0,1,0,1,0,1,1,0,0,1,1,0,0,0,0,1,0,0,1,0,0,0,0,1,1,1,1,1,1,1,1,1,1,1,0,0,1,0,1,0,1,0,0,1,1,1,1,0,1,0,1,1,0,1,0,1,0,1,0,0,0,1,1,1,0,0,1,1,0,0,0,0,1,1,1,0,0,1,0,1,0,1,0,0,0,1,0,0,0,0,1,0,0,0,0,0,0,1,1,0,1,0,1,0,1,0,1,0,0,0,1,0,0,1,0,0,1,0,0,1,1,0,1,0,0,1,0,0,1,0,1,0,1,1,0,0,0,0,1,1,1,0,1,1,1,0,0,1,0,1,1,1,1,0,1,1,0,1,0,0,1,0,0,0,1,0,0,1,1,0,0,1,0,0,0,0,0,0,0,0,1,1,0,1,0,0,1,0,1,1,0,1,1,0,0,1,1,0,1,0,1,1,0,1,1,0,0,1,0,0,0,1,1,1,0,0,0,0,0,1,1,1,0,1,1,1,0,0,0,1,0,0,1,1,0,0,0,1,0,0
"moth_dec_4_MB_SampleID_38",661733.000006746,7091430.00000677,2013,851.80457496643,3.02500011523564,172,0.21,0,1,1,0,0,0,0,0,0,0,1,1,0,0,1,0,0,0,1,0,0,0,0,0,0,0,0,0,0,1,0,0,0,1,0,1,0,0,0,1,1,0,1,0,1,0,1,0,0,0,1,1,1,0,0,0,0,0,1,0,0,0,0,1,0,0,1,0,0,0,1,1,0,0,0,1,1,0,1,1,0,1,1,1,1,1,0,0,1,0,0,1,1,1,0,1,0,1,0,0,1,0,0,1,0,1,0,0,0,1,0,0,0,0,1,0,0,0,1,1,0,0,0,0,1,1,1,0,0,0,0,1,0,1,1,0,1,0,0,0,0,0,1,0,0,0,0,1,1,1,0,0,0,0,1,0,0,0,1,0,0,0,0,1,0,0,0,0,1,0,0,0,0,0,1,0,0,1,0,0,1,0,1,0,1,1,0,1,0,0,1,1,0,0,0,1,0,0,0,1,0,1,0,1,0,0,0,1,0,0,1,0,1,0,0,0,1,0,0,0,0,0,0,1,0,1,0,0,0,0,0,0,0,1,0,1,0,0,1,0,0,1,0,1,0,0,0,0,1,0,0,0,1,1,0,1,1,0,0,1,0,0,0,1,0,1,1,0,0,1,0,1,0,0,0,0,1,1,0,0,0,1,0,0,1,1,0,0,0,1,1,0
"moth_dec_4_MB_SampleID_39",661733.000001226,7091430.00000703,2014,773.045263290405,3.0416666616996,193,0.186666666666667,0,1,0,0,0,0,0,0,0,0,1,1,1,1,1,1,0,0,0,0,0,0,0,0,0,0,0,0,0,1,0,0,0,0,0,0,1,0,0,1,1,0,1,1,1,0,1,0,1,1,0,1,0,0,0,1,1,1,0,0,1,0,1,0,1,0,0,0,0,0,0,1,0,1,0,1,0,1,1,1,0,1,1,0,1,1,0,0,0,0,0,1,1,0,0,1,1,1,1,0,1,0,0,1,1,1,0,0,0,0,0,0,0,1,1,0,0,0,1,1,0,1,0,0,1,1,1,0,0,1,0,0,0,1,0,0,0,0,0,0,0,0,0,1,0,0,0,1,0,1,0,0,0,0,1,0,1,0,0,0,0,0,1,1,0,0,0,0,1,0,0,0,1,0,1,0,0,0,0,0,1,0,1,0,1,0,0,0,0,0,1,0,0,0,0,0,1,0,0,1,0,1,0,1,1,0,0,1,0,0,1,0,1,0,0,0,1,0,0,0,1,0,1,0,0,1,0,0,1,0,0,0,0,1,0,1,1,0,1,0,0,1,0,1,0,1,1,0,1,0,0,0,1,1,0,1,1,0,0,1,0,0,0,1,0,1,0,0,0,0,0,0,0,1,0,0,0,1,1,0,0,1,0,1,1,1,1,0,0,1,1,0
"moth_dec_4_MB_SampleID_40",661733.000001225,7091430.00000146,2015,1081.67460632324,3.23333331694205,187,0.433333333333333,0,1,0,0,0,0,0,0,0,1,1,1,1,1,1,1,0,1,1,0,0,1,0,0,0,0,0,0,1,1,0,0,0,1,0,1,0,1,0,1,1,0,1,0,1,0,1,0,0,1,0,1,1,1,0,1,1,1,1,1,1,0,1,1,0,1,1,1,0,1,1,1,0,1,0,1,1,1,1,1,0,1,1,1,1,1,1,1,1,0,0,1,1,1,0,1,1,1,0,0,1,0,0,1,1,1,0,0,1,1,0,0,0,0,1,0,1,0,1,1,0,0,1,0,0,1,1,0,0,0,0,1,0,1,0,0,0,0,0,0,0,0,0,0,0,0,1,1,1,1,1,0,0,0,1,1,1,1,1,0,1,0,1,1,0,0,0,0,1,0,0,0,1,0,1,0,0,1,1,0,1,0,1,0,1,1,1,0,0,1,1,1,0,0,0,1,1,0,0,1,0,1,0,1,0,1,0,1,0,0,1,0,1,0,0,0,1,0,0,0,1,1,1,1,0,1,0,0,0,0,0,0,1,1,0,0,0,1,1,0,0,1,0,1,1,0,1,1,1,0,1,0,1,1,0,1,1,0,0,1,0,0,0,1,0,1,1,1,1,1,0,0,1,1,0,0,0,1,1,1,0,1,1,0,1,1,0,0,0,1,1,0
"moth_dec_4_MB_SampleID_41",661733.000006336,7091430.0000087,2016,895.867376327515,2.82500002781549,191,-0.0383333333333333,0,1,1,0,1,0,0,0,0,0,1,1,1,1,1,0,0,1,1,0,0,0,0,0,0,0,0,0,1,1,0,0,0,1,0,0,1,0,0,1,1,0,1,0,1,0,1,0,1,1,0,1,0,1,0,1,1,1,1,1,1,0,1,1,0,1,0,1,0,0,0,1,0,0,0,1,1,1,1,1,1,1,1,1,1,1,0,0,0,1,0,1,1,0,0,1,0,1,0,0,1,0,0,1,0,1,0,0,0,0,0,0,0,0,1,0,0,0,1,1,1,0,0,0,0,1,1,0,0,0,0,1,0,1,0,0,1,0,0,0,0,1,0,0,0,0,0,1,1,1,1,0,0,0,1,0,0,1,1,0,0,0,1,1,0,0,0,0,1,0,0,0,1,0,1,1,0,0,0,0,1,0,1,0,1,0,0,0,0,0,0,1,0,0,0,0,0,0,0,0,0,1,1,1,0,1,0,0,0,0,1,0,1,1,0,0,1,0,0,0,0,1,1,1,0,1,0,0,0,0,0,0,0,1,0,1,0,0,1,0,0,1,0,1,1,0,1,0,1,0,0,0,1,0,0,1,1,0,1,1,0,0,0,1,0,1,0,0,0,1,0,0,1,0,0,0,1,1,0,0,0,1,1,0,0,1,0,0,0,1,1,0
"moth_dec_4_MB_SampleID_42",546098.000007146,7119686.0000079,2008,852.570777893066,3.01666661103566,183,-0.378333333333333,0,0,0,0,0,1,0,0,0,1,1,0,1,0,0,1,0,1,0,1,1,0,0,0,0,0,0,0,0,1,1,0,1,0,0,1,1,1,0,1,1,0,0,0,0,1,1,0,1,1,0,1,0,0,0,0,0,0,0,1,1,0,1,1,0,0,0,1,0,0,0,0,1,0,1,0,1,1,1,0,0,1,1,1,0,1,0,0,1,0,0,0,1,0,0,1,0,1,0,0,1,0,0,1,1,1,0,0,0,1,1,0,0,0,0,0,0,0,1,0,1,0,1,0,0,1,0,0,0,0,0,1,0,0,0,0,0,1,0,1,0,1,0,1,0,0,0,1,1,1,1,0,0,1,1,0,1,1,1,0,0,0,1,0,0,0,0,0,0,0,0,1,1,1,0,0,0,1,0,0,1,1,0,1,1,0,0,0,1,1,0,1,1,1,0,1,1,0,0,0,0,0,0,0,1,0,1,1,0,1,0,0,1,0,1,0,1,1,0,0,0,0,1,1,0,0,0,0,1,0,0,0,1,1,0,0,0,0,1,1,0,1,0,1,1,0,1,0,1,0,0,0,1,1,0,1,0,0,0,0,0,0,0,1,1,1,0,0,0,0,0,0,1,1,0,1,1,1,1,0,0,1,0,0,0,1,0,0,0,1,0,0
"moth_dec_4_MB_SampleID_43",546098.00000327,7119686.00000856,2009,694.343170166016,2.14166668181618,173,-0.243333333333333,0,0,0,0,0,1,0,0,0,0,1,0,1,0,1,0,0,0,0,0,0,0,0,0,0,0,1,0,0,0,1,0,0,1,0,1,0,0,1,1,1,0,1,0,1,1,1,0,1,0,0,1,0,0,0,0,1,0,0,1,1,0,1,1,0,0,0,1,0,0,0,0,0,0,0,0,0,1,1,0,1,1,1,1,1,1,0,0,0,0,1,0,1,0,1,1,1,1,1,0,1,1,1,1,1,1,0,1,1,1,0,0,0,0,1,0,0,0,1,1,0,0,0,0,0,1,0,0,0,0,0,1,0,0,0,0,0,1,0,0,0,0,0,1,0,0,0,1,1,1,1,0,0,1,0,0,1,0,1,0,0,0,1,0,0,1,0,1,0,0,0,1,1,1,1,0,0,0,0,0,1,0,0,0,1,0,0,1,0,0,0,1,0,1,0,1,0,0,0,0,0,0,0,1,0,0,1,1,0,1,0,0,1,0,0,0,1,0,0,0,0,0,1,1,0,0,1,0,1,0,0,0,1,1,0,1,0,0,1,1,0,0,0,1,1,0,1,0,1,0,0,0,1,1,1,1,0,0,0,0,0,0,0,1,1,0,0,0,0,0,0,0,1,1,0,0,1,0,1,0,0,1,0,1,0,1,0,0,0,1,0,1
"moth_dec_4_MB_SampleID_44",546098.000003682,7119686.0000054,2010,841.012948989868,0.899999936421715,177,-1.1525,0,1,0,0,0,0,0,0,0,0,1,1,1,0,0,1,0,0,0,1,0,1,0,0,0,0,0,0,0,0,1,0,0,1,0,1,1,0,0,1,1,0,1,0,0,0,1,0,1,0,1,1,0,0,0,1,0,0,0,1,1,1,1,0,0,1,0,1,0,0,0,0,1,0,1,0,1,1,1,1,0,1,1,1,1,1,0,0,0,0,0,0,1,0,1,1,1,1,0,1,1,1,1,1,1,1,0,0,1,1,0,0,0,0,1,1,0,0,1,1,1,0,0,0,0,1,1,0,0,0,0,1,0,0,1,0,0,1,0,1,0,0,0,1,1,0,0,1,1,1,1,0,0,1,1,0,1,0,1,0,1,0,1,0,0,0,0,0,1,0,0,1,1,0,0,0,0,0,0,0,1,0,0,0,1,0,1,0,0,1,0,1,0,0,0,1,1,0,0,0,0,0,1,0,1,1,0,1,0,1,0,0,1,1,0,0,1,1,0,1,0,0,0,1,0,0,1,0,1,0,0,0,1,1,0,1,0,0,1,1,0,1,1,1,0,0,0,1,1,0,0,0,1,1,1,1,1,0,0,0,0,0,0,1,1,0,0,0,0,0,1,1,1,0,0,1,1,0,1,1,0,1,0,1,0,1,0,0,0,1,0,0
"moth_dec_4_MB_SampleID_45",546098.000006494,7119686.00000126,2011,904.243803024292,3.49999995032947,145,0.293333333333333,0,1,1,1,0,1,0,0,0,0,1,0,1,1,1,0,0,0,0,0,0,1,0,0,0,0,0,0,0,1,0,1,1,0,1,1,1,0,0,1,1,0,0,1,1,1,1,0,1,0,1,1,0,0,0,1,1,0,0,1,1,1,1,1,0,1,0,1,0,0,0,0,0,0,1,0,1,1,1,1,1,1,1,1,1,1,0,0,0,0,1,0,1,1,0,1,1,1,1,1,1,0,1,1,1,1,0,0,0,0,0,0,0,0,1,0,0,0,1,1,1,0,0,0,0,1,1,0,0,1,0,1,0,0,0,0,0,1,0,1,0,0,0,1,1,0,0,1,0,1,1,0,0,1,1,0,0,1,1,0,0,0,1,0,0,1,0,1,1,0,0,1,1,0,0,0,0,1,0,1,1,1,0,0,1,0,0,1,0,1,0,1,0,1,0,1,1,0,1,0,0,0,0,0,1,0,0,1,1,1,0,0,1,0,1,0,1,1,0,0,1,0,1,0,0,0,1,0,0,0,0,0,1,1,0,1,0,0,1,0,1,0,1,1,1,0,1,1,1,0,1,0,1,1,1,1,1,0,0,1,1,0,0,1,0,1,0,0,0,0,0,1,1,1,1,1,1,0,0,1,0,1,0,1,0,1,0,0,0,1,0,1
"moth_dec_4_MB_SampleID_46",546098.000003846,7119686.00000298,2012,1033.82489967346,1.55000009636084,175,-0.455833333333333,1,0,0,0,0,1,0,0,0,0,1,1,0,0,1,1,0,0,0,1,0,1,0,0,0,0,1,0,0,1,1,1,1,1,0,1,1,1,1,1,1,0,1,1,0,1,1,0,1,0,1,1,0,1,0,1,0,0,1,1,1,1,1,0,0,1,1,1,0,0,0,0,1,0,1,0,1,1,1,1,1,1,1,1,1,1,0,0,0,0,0,0,1,0,0,1,1,1,0,1,1,0,1,1,1,1,0,0,0,1,0,1,0,0,1,0,0,1,1,1,1,0,1,0,0,1,1,0,0,0,0,1,0,0,1,0,0,1,0,1,0,0,1,1,0,0,0,1,1,0,0,1,1,1,1,1,0,1,1,0,0,1,1,0,0,0,0,0,1,0,0,1,1,1,0,0,0,1,1,1,1,1,0,1,1,0,0,1,0,1,1,1,0,0,1,1,1,0,0,0,0,0,0,1,1,0,1,1,0,1,0,0,1,0,1,0,1,1,1,1,0,0,1,1,0,0,0,0,0,0,0,0,1,1,0,1,1,0,1,0,1,1,0,1,1,0,1,0,1,0,0,0,1,1,1,1,0,0,0,1,0,0,0,1,1,1,0,1,0,0,0,0,1,1,1,1,1,0,1,0,0,1,0,0,0,1,0,0,0,1,0,0
"moth_dec_4_MB_SampleID_47",546098.000005326,7119686.00000704,2013,789.081466674805,3.57499997317791,167,0.21,0,1,1,1,1,0,0,0,0,0,1,1,1,1,1,1,0,1,0,0,1,1,0,1,0,0,1,0,1,1,1,0,1,0,0,1,1,1,1,1,1,0,0,1,1,0,1,0,1,0,1,1,0,0,0,1,1,0,1,1,1,0,1,1,0,1,1,1,0,0,0,1,1,1,0,0,1,1,1,1,1,1,1,1,1,1,0,0,1,1,0,1,1,0,0,1,1,1,1,1,1,1,1,1,1,1,0,0,0,1,0,1,0,0,1,1,0,0,1,1,0,0,1,0,0,1,1,0,0,0,0,1,0,1,0,0,0,0,0,0,0,1,0,1,0,1,0,1,1,1,1,0,1,1,1,0,1,1,1,0,0,0,1,1,0,1,0,1,1,0,0,0,0,0,0,1,0,1,1,1,1,1,0,1,1,0,0,1,1,1,0,1,1,0,0,1,1,1,0,0,0,0,0,1,1,1,0,1,0,0,1,0,1,0,0,0,1,1,0,0,0,0,1,1,0,1,1,0,1,0,0,0,1,1,0,1,1,0,1,1,1,0,1,1,1,0,1,0,1,0,0,0,1,1,0,1,0,0,0,0,1,0,0,1,0,1,0,0,0,0,0,1,0,1,1,0,1,0,1,1,0,1,0,0,1,1,0,0,0,1,1,0
"moth_dec_4_MB_SampleID_48",546098.000008244,7119686.00000172,2014,693.783153533936,3.7833333859841,177,0.186666666666667,1,1,1,0,0,0,0,0,0,1,1,1,0,0,1,1,0,1,0,0,0,1,0,0,0,0,0,0,0,1,1,0,1,0,0,1,1,1,0,1,1,0,0,1,0,0,1,0,1,0,1,1,0,1,0,1,0,0,1,1,1,0,1,0,1,1,1,1,0,1,0,1,0,1,0,0,1,1,1,1,0,1,1,1,1,1,0,0,1,0,0,0,1,0,0,1,1,1,0,0,1,0,1,1,1,1,1,0,1,1,1,0,0,0,1,1,0,0,1,1,0,1,0,0,0,1,1,0,0,0,0,1,0,1,0,0,1,0,0,0,0,0,0,1,0,1,0,1,1,1,1,0,1,1,1,0,0,1,1,0,0,0,0,1,0,1,0,1,1,0,0,0,1,0,1,1,0,0,1,1,1,1,0,0,1,1,0,0,0,1,0,1,1,0,0,1,1,0,0,1,0,1,0,1,0,0,0,1,1,0,1,0,1,0,1,0,1,0,0,0,0,0,1,1,0,0,1,0,1,1,0,0,1,1,0,1,0,0,1,0,1,1,1,1,1,0,1,1,1,0,0,0,1,1,0,1,1,0,0,1,1,0,1,1,0,1,0,0,0,0,0,1,1,1,1,0,0,0,1,1,0,1,1,1,0,1,0,0,0,1,1,1
"moth_dec_4_MB_SampleID_49",546098.0000014,7119686.00000387,2015,1061.88622665405,4.05833340187867,163,0.433333333333333,1,1,0,0,0,0,0,0,0,1,1,1,0,1,1,1,0,1,0,0,0,0,0,0,0,0,1,1,0,1,1,1,1,1,0,1,1,1,1,1,1,0,0,0,0,0,1,0,1,0,1,1,1,0,0,0,0,0,0,1,1,1,1,0,0,1,0,1,0,1,0,1,1,1,0,1,1,1,1,1,0,1,1,1,1,1,1,0,1,0,0,1,1,1,0,1,1,1,0,1,1,0,1,1,1,1,0,0,0,0,0,1,0,0,1,0,0,0,1,1,1,0,0,0,0,1,1,0,0,0,0,1,0,0,1,0,1,0,0,0,1,1,0,1,0,0,1,1,0,1,1,0,0,1,1,1,1,1,1,0,0,0,1,1,0,0,0,0,1,0,0,0,1,0,0,1,0,1,0,1,1,0,1,1,1,0,0,0,0,1,0,1,1,0,0,1,1,0,1,1,0,1,0,1,0,0,0,0,1,0,1,0,1,0,1,0,1,0,0,0,0,0,1,1,0,1,0,0,1,0,1,0,1,0,0,1,0,0,1,0,0,1,0,1,1,0,1,1,1,0,0,1,1,1,0,1,0,0,0,0,1,0,1,1,0,1,1,0,0,0,0,0,1,0,1,0,1,0,1,0,0,1,1,1,1,1,0,0,0,1,1,0
"moth_dec_4_MB_SampleID_50",546098.000006695,7119686.00000907,2016,855.318943023682,3.34166671832403,170,-0.0383333333333333,0,1,0,0,1,0,0,0,0,0,1,1,1,1,1,0,0,1,0,0,0,1,0,0,0,1,1,1,0,1,1,1,1,1,0,1,1,0,1,1,1,0,0,0,0,0,1,0,1,0,1,1,1,0,1,1,0,0,0,1,1,0,1,0,0,0,0,1,0,0,0,1,1,1,0,0,1,1,1,1,1,1,1,1,1,1,0,0,0,1,0,0,1,0,0,1,1,1,0,0,1,0,1,1,1,1,0,0,1,1,0,0,0,0,1,0,0,0,1,1,0,0,0,0,0,1,1,0,0,1,0,1,1,1,0,0,1,0,0,0,1,1,0,1,0,0,0,1,1,1,1,0,0,1,1,1,0,1,1,0,0,0,1,1,0,0,0,1,1,1,0,0,1,0,1,1,0,0,0,1,1,1,1,0,1,0,0,0,0,1,0,1,1,0,0,1,1,0,0,0,0,0,0,1,0,0,0,1,0,0,1,0,1,1,1,0,1,0,0,0,0,0,1,1,0,1,0,0,1,0,0,0,1,1,0,1,1,0,1,0,0,0,1,1,1,0,1,1,1,0,0,0,1,1,0,1,0,0,0,0,0,0,0,1,0,1,0,0,0,0,0,0,0,1,0,0,1,1,1,0,0,1,1,0,0,1,0,0,0,1,1,0
"moth_dec_4_MB_SampleID_51",546098.000001739,7119686.00000172,2017,747.017818450927,2.77500006556511,201,0.225833333333333,1,1,1,0,0,0,0,0,0,0,1,1,0,1,1,1,0,1,0,1,1,1,0,0,0,0,1,1,0,1,1,0,0,0,0,1,1,1,0,1,1,0,1,0,0,0,1,0,1,1,0,1,1,0,1,1,0,0,0,1,1,0,1,0,0,1,0,1,0,1,0,0,1,1,0,0,1,1,1,1,0,1,1,1,1,1,1,0,0,1,0,1,1,0,0,1,1,1,0,0,1,1,1,1,1,1,0,1,0,0,0,0,0,0,0,0,0,1,1,1,1,0,0,0,0,1,1,0,0,1,0,1,0,1,0,0,0,0,0,0,1,1,0,1,0,1,0,1,1,1,1,0,1,1,1,1,1,1,1,1,0,0,1,1,0,1,1,1,1,0,0,0,1,0,0,0,0,0,0,0,1,0,1,1,1,1,1,1,0,1,1,1,0,0,0,1,1,0,0,1,0,1,0,1,0,0,0,1,0,0,0,0,1,0,1,1,1,1,0,0,1,1,1,1,0,1,1,0,1,0,0,0,1,1,0,1,0,0,1,0,1,1,0,1,1,0,1,0,1,0,1,0,1,1,0,1,1,0,1,1,0,0,1,1,0,0,1,0,0,0,0,1,1,1,1,0,1,0,1,0,0,1,1,1,1,1,0,0,0,1,1,1
"moth_dec_4_MB_SampleID_52",532256.000001679,7142381.00000721,2008,859.616006851197,2.9916666150093,184,-0.378333333333333,1,1,0,0,0,0,0,0,0,1,1,0,1,1,1,0,0,1,0,1,1,1,0,1,0,0,0,0,0,0,1,0,1,1,1,1,0,1,0,1,1,0,0,0,0,1,1,1,1,1,1,1,0,1,0,0,0,0,0,0,1,0,1,1,0,0,0,1,0,0,0,0,1,0,1,0,1,1,1,0,1,1,1,1,1,1,0,0,0,0,0,0,1,1,1,1,1,0,0,1,1,1,1,1,1,1,0,1,1,0,1,1,0,0,0,1,0,0,1,1,0,0,1,0,0,1,0,1,0,0,0,1,0,0,0,0,0,1,0,0,0,1,0,1,0,1,0,1,1,1,1,0,0,1,0,0,0,1,1,0,1,0,1,0,0,1,0,0,0,0,0,1,1,0,0,0,0,1,0,0,1,0,0,1,0,0,1,1,1,1,0,1,1,1,0,1,1,0,0,1,0,0,1,1,1,0,1,1,0,1,0,1,1,1,1,0,1,0,0,0,0,0,1,1,1,0,1,0,1,0,0,0,1,1,0,1,0,0,1,1,1,1,0,1,1,1,0,0,1,0,0,0,0,1,0,1,0,1,1,0,0,0,0,1,0,0,0,0,0,0,0,1,0,1,0,1,1,1,1,1,0,1,0,1,0,1,0,0,0,1,0,0
"moth_dec_4_MB_SampleID_53",532256.000003539,7142381.00000744,2009,690.184810638428,2.17499994424483,207,-0.243333333333333,1,1,0,0,0,1,0,0,0,0,1,0,1,1,1,0,0,0,0,0,0,1,0,0,0,0,1,0,0,0,1,0,0,1,1,1,0,1,0,1,1,0,0,0,0,0,1,0,1,1,1,1,0,0,0,0,1,0,1,1,1,0,1,0,0,0,0,1,0,0,0,0,1,0,1,0,0,1,1,0,0,1,1,1,1,1,0,0,0,0,1,0,1,0,1,1,1,1,0,1,1,1,1,1,1,1,0,1,1,1,0,1,0,0,1,0,0,0,1,1,0,1,1,0,0,1,1,1,0,1,0,1,0,0,0,0,0,1,1,0,1,0,0,1,0,1,0,1,1,1,1,0,0,1,0,0,1,0,1,1,0,0,1,0,0,1,0,0,0,0,0,1,1,0,1,0,0,0,0,0,1,0,0,0,0,0,0,0,1,1,0,1,1,1,0,1,1,0,0,1,1,0,1,1,1,0,1,1,1,1,0,1,1,0,1,1,1,1,0,0,0,0,1,0,1,0,1,0,1,0,0,0,1,1,0,1,0,0,1,1,0,0,0,1,1,0,0,0,1,0,0,0,1,1,1,1,0,1,1,0,1,0,0,1,0,0,0,1,0,0,0,1,0,1,0,1,1,1,1,1,0,1,0,1,1,1,0,0,0,1,0,0
"moth_dec_4_MB_SampleID_54",532256.000008955,7142381.00000338,2010,863.044228553772,0.891666611035672,184,-1.1525,1,1,0,0,0,1,0,0,0,1,1,1,1,1,1,0,1,0,0,0,1,1,0,0,0,0,0,0,0,0,1,1,0,1,1,1,1,1,0,1,1,0,0,0,0,0,1,0,1,1,1,1,0,0,0,1,1,0,0,0,1,1,1,0,0,1,0,1,0,0,0,0,1,0,1,0,1,1,1,0,0,1,1,1,1,1,0,0,0,0,0,0,1,1,1,0,1,1,0,1,1,1,1,1,1,1,1,0,1,1,0,1,0,0,1,1,0,1,1,1,1,0,1,0,1,1,1,1,0,0,0,1,0,1,1,0,0,1,1,0,0,0,0,1,1,1,0,1,1,1,1,0,0,1,0,0,1,0,1,0,0,1,1,0,0,1,0,1,0,0,0,1,1,1,0,0,0,1,0,1,1,0,0,1,1,0,1,0,0,1,0,1,0,1,0,1,1,0,0,0,0,0,1,0,1,0,1,1,0,1,0,0,1,1,1,0,1,0,0,0,0,0,1,1,1,0,1,0,1,0,0,0,1,1,0,1,0,0,1,1,1,0,1,1,1,1,0,1,1,0,0,0,1,1,1,1,1,1,1,0,0,0,0,1,0,0,0,0,0,0,1,1,0,1,1,0,1,1,1,1,0,1,0,1,0,1,0,0,0,0,0,0
"moth_dec_4_MB_SampleID_55",532256.000001395,7142381.00000966,2011,954.311685562134,3.43333321809769,152,0.293333333333333,1,1,0,0,0,1,1,0,0,0,1,1,1,1,1,0,1,1,0,0,1,1,0,0,0,0,0,0,0,0,1,0,1,0,0,1,1,1,0,1,1,0,0,0,0,1,1,1,1,1,1,1,0,1,0,1,1,0,0,0,1,1,1,1,1,0,0,1,0,0,0,0,1,0,1,0,1,1,1,1,1,1,0,1,1,1,0,0,0,0,1,0,1,0,1,1,1,1,0,1,1,1,1,1,1,0,0,0,1,1,0,1,0,0,0,1,0,0,1,1,1,0,0,0,0,1,1,0,0,0,0,1,1,1,0,0,0,1,1,0,0,0,1,1,1,1,0,0,1,1,1,1,0,1,0,0,1,0,1,0,1,0,1,0,0,1,0,0,0,0,0,1,1,1,0,0,0,1,0,0,1,0,0,1,1,0,1,0,0,1,0,1,0,1,0,1,1,0,0,0,1,0,1,1,1,1,1,1,1,1,0,0,1,0,1,0,1,1,0,0,0,0,1,0,1,0,1,0,0,1,1,0,1,1,1,1,0,0,1,1,1,1,0,1,1,0,0,1,1,0,0,0,1,1,1,1,1,1,1,0,0,1,0,1,0,0,0,0,0,0,1,1,0,1,1,1,1,1,0,1,1,1,0,1,0,1,0,0,0,1,0,1
"moth_dec_4_MB_SampleID_56",532256.000001784,7142381.00000891,2012,1039.03472709656,1.52499994511405,188,-0.455833333333333,1,0,1,0,0,1,0,0,0,0,1,0,1,0,1,1,1,1,0,0,0,0,0,0,0,1,0,0,0,1,1,0,1,1,1,1,1,1,0,1,1,0,1,0,0,1,1,0,1,1,1,1,0,1,1,0,1,0,1,0,1,1,1,1,0,1,0,1,0,0,0,0,1,0,1,0,1,1,1,1,1,1,1,1,0,1,1,0,0,1,0,0,1,0,0,1,1,1,0,0,1,1,1,1,1,0,1,0,1,1,0,1,0,0,1,1,0,0,1,1,0,1,1,0,0,1,1,0,0,0,0,1,1,1,0,1,0,1,1,1,0,0,0,1,1,1,0,1,1,1,1,0,1,1,1,0,0,1,1,0,0,1,0,0,0,1,0,0,1,0,0,1,1,1,0,0,0,1,1,1,1,0,0,1,1,0,1,1,0,1,1,1,1,1,0,1,1,0,0,1,1,0,1,1,1,0,1,1,0,1,0,0,1,0,1,0,1,1,0,0,0,0,1,1,1,0,1,0,1,1,1,0,1,1,0,1,0,0,1,1,1,1,1,1,1,1,0,1,1,1,1,1,1,1,1,1,1,1,1,1,1,0,0,1,0,0,0,0,0,0,1,1,0,1,1,1,1,1,1,1,0,1,0,1,0,1,1,0,0,1,0,0
"moth_dec_4_MB_SampleID_57",532256.00000522,7142381.00000611,2013,802.399724960328,3.41666654994089,176,0.21,1,0,0,1,0,0,0,0,0,0,1,1,1,1,1,1,1,1,1,0,0,0,0,0,0,0,0,0,0,1,1,0,1,0,0,1,1,1,0,1,1,0,0,1,0,0,1,1,0,1,1,1,1,0,0,0,1,0,1,1,1,1,1,1,0,1,1,1,0,1,0,1,1,1,0,1,1,1,1,1,1,1,1,1,1,1,1,0,0,0,0,1,1,0,0,1,1,0,0,1,1,1,1,1,1,0,1,0,1,1,0,1,0,0,1,1,0,0,1,1,1,1,1,0,0,1,1,0,0,0,1,1,1,1,0,1,1,0,0,0,0,1,0,1,1,1,0,1,1,1,1,0,0,1,0,0,1,1,1,0,1,0,0,1,0,1,0,1,1,0,0,0,1,0,0,0,0,1,1,1,1,0,0,1,1,1,1,0,1,1,0,1,1,0,0,1,1,0,0,1,1,0,0,1,1,1,0,1,0,0,1,1,1,0,1,0,1,1,0,0,0,0,1,0,1,1,1,0,1,1,0,0,1,1,0,1,0,1,1,1,1,0,1,1,1,0,0,1,1,0,0,0,1,1,0,1,1,1,1,0,1,0,1,1,0,1,0,0,0,0,1,1,0,1,1,0,1,1,1,0,0,1,1,1,0,1,0,0,0,1,1,0
"moth_dec_4_MB_SampleID_58",532256.000000906,7142381.00000095,2014,750.188718795776,3.73333337406317,190,0.186666666666667,1,1,0,1,0,0,0,0,0,0,1,1,1,1,1,1,1,1,0,0,0,0,0,1,1,0,0,0,0,1,1,0,1,1,1,1,1,0,0,1,1,0,0,1,0,0,1,1,1,1,1,1,0,1,0,0,1,0,0,1,1,1,1,1,0,0,0,1,0,1,0,1,1,1,0,1,1,1,1,1,1,1,1,1,1,1,1,0,0,0,0,0,1,0,0,0,1,1,0,1,1,0,1,1,1,0,0,0,1,1,0,1,0,0,1,0,0,0,1,1,1,0,1,0,0,1,1,1,0,0,1,1,1,1,1,1,0,0,0,0,0,1,0,1,1,0,0,1,1,1,0,0,0,1,0,0,1,1,1,0,0,0,1,1,0,1,0,1,0,1,0,0,1,0,0,0,0,1,0,1,1,1,0,1,1,0,0,0,1,1,0,1,1,0,0,1,1,0,0,1,1,0,0,1,1,0,0,1,1,0,1,0,1,1,1,0,1,0,0,0,0,0,1,0,1,0,1,0,1,1,0,0,1,1,0,1,0,0,1,1,0,1,1,1,1,0,1,1,1,0,0,1,1,1,0,1,1,1,1,0,1,0,1,1,0,1,1,0,0,0,1,1,1,1,1,0,1,0,0,1,0,1,1,1,0,1,0,0,0,0,1,1
"moth_dec_4_MB_SampleID_59",532256.000003406,7142381.00000485,2015,1088.56431770325,4.01666676998138,181,0.433333333333333,1,1,0,1,0,0,0,0,0,1,1,1,1,1,1,1,1,1,1,0,0,1,0,0,1,0,0,1,0,1,1,0,1,1,0,1,1,1,0,1,1,0,0,0,0,0,1,1,1,1,1,1,1,1,0,0,1,0,0,1,1,1,1,0,1,1,0,1,0,1,0,1,1,1,0,0,1,1,1,1,1,1,1,1,1,1,1,0,1,1,0,0,1,1,0,1,1,1,0,1,1,0,1,1,1,1,1,1,1,0,1,0,0,0,1,0,0,0,1,1,0,0,0,0,0,1,1,1,0,0,1,1,1,1,1,0,0,0,0,0,1,1,1,1,0,1,1,1,0,1,1,1,0,1,0,1,1,1,1,0,1,0,0,1,0,1,0,0,1,0,0,0,1,0,0,1,1,1,1,0,1,0,0,0,1,1,0,0,1,1,1,1,1,0,0,1,1,0,0,1,1,0,1,1,1,0,0,1,0,0,1,1,1,1,1,1,1,1,0,0,0,0,1,1,1,1,0,0,1,0,0,0,1,1,0,1,0,1,1,1,0,1,1,1,1,1,1,1,1,1,1,0,1,1,0,1,0,0,1,0,1,0,1,1,0,1,1,0,0,0,1,1,0,0,1,0,1,0,1,0,0,1,1,1,1,1,0,0,1,1,1,0
"moth_dec_4_MB_SampleID_60",532256.000005682,7142381.0000037,2016,919.739896774292,3.21666675806045,177,-0.0383333333333333,1,1,0,0,1,0,0,0,0,1,1,1,1,1,1,1,1,1,0,0,0,0,0,1,0,1,0,0,0,1,1,0,1,1,0,1,0,1,0,1,1,0,0,0,0,0,1,1,1,1,1,1,1,1,1,1,1,0,1,1,1,1,1,0,0,0,0,1,0,0,0,1,1,1,0,0,1,1,1,1,1,1,1,1,1,1,0,0,0,0,0,0,1,1,0,0,1,1,1,0,1,1,1,1,1,1,1,1,1,1,0,1,0,0,1,1,0,0,1,1,0,0,1,0,1,1,1,0,0,1,1,1,1,1,0,0,0,0,0,0,1,1,1,1,0,1,0,0,1,1,1,0,0,1,0,0,1,1,1,0,1,0,1,1,1,1,0,1,0,1,0,0,1,0,0,1,0,1,1,1,1,1,0,1,1,1,0,0,0,1,0,1,1,0,0,1,1,1,0,1,1,0,1,1,1,1,0,1,1,0,0,1,1,1,1,0,1,1,1,1,0,1,1,1,0,1,1,0,1,0,1,0,1,1,0,1,0,0,1,1,0,0,0,1,1,1,1,0,1,0,1,0,0,1,0,1,1,1,1,0,1,0,1,1,0,1,0,0,0,0,1,1,0,1,1,0,1,1,1,1,0,1,1,1,0,1,0,0,0,1,1,0
"moth_dec_4_MB_SampleID_61",532256.000001943,7142381.00000696,2017,753.954864501953,2.64166667064031,202,0.225833333333333,1,0,1,1,1,0,0,0,0,1,1,1,1,0,1,1,1,1,1,1,0,1,0,0,0,0,1,1,0,1,1,0,1,0,0,1,1,1,0,1,1,0,1,0,0,0,1,1,1,1,1,1,1,1,0,0,1,0,1,1,1,1,1,1,1,1,0,1,0,1,0,0,1,1,0,0,1,1,1,1,1,1,1,1,1,1,1,0,0,1,0,1,1,0,0,0,1,1,0,1,1,1,1,1,1,1,1,1,1,1,1,1,0,0,1,0,0,0,1,1,1,0,1,0,1,1,1,1,0,1,1,1,0,1,0,1,0,0,0,0,1,1,0,1,1,1,0,1,1,1,1,0,1,1,1,1,1,1,1,1,0,0,1,1,1,1,0,1,1,0,1,0,1,0,0,1,1,1,1,1,1,0,0,1,1,1,1,1,0,1,0,1,1,1,0,1,1,1,0,1,1,1,1,0,1,0,0,1,1,0,1,1,1,1,1,1,1,1,0,0,1,1,1,1,0,0,1,0,1,0,0,0,1,1,0,1,0,1,1,1,0,1,1,1,1,1,1,1,1,0,1,1,1,1,0,1,1,1,1,1,0,0,1,1,0,1,0,0,0,0,1,1,0,1,1,0,1,1,1,1,0,1,1,0,0,1,0,0,0,1,0,1
"moth_dec_4_MB_SampleID_62",550369.000005199,7171546.0000063,2008,1004.02611923218,2.2250000561277,187,-0.378333333333333,0,0,0,0,0,0,0,0,0,1,1,0,0,0,0,0,0,0,0,0,0,0,0,0,0,0,1,0,0,1,0,0,0,0,0,0,0,1,0,1,1,0,1,0,0,0,1,0,0,1,0,0,0,0,0,0,0,0,1,0,0,0,1,1,0,0,0,1,0,0,0,0,0,0,0,0,1,1,1,0,0,1,1,1,1,1,0,0,0,0,1,0,0,0,0,1,0,0,0,0,1,0,0,1,0,1,0,0,0,0,0,0,0,0,1,0,0,0,0,1,0,0,0,0,1,1,0,0,0,0,0,0,0,0,0,0,0,1,0,0,0,0,0,0,0,0,0,1,1,1,1,0,0,0,0,0,1,0,0,0,0,0,1,0,0,0,0,0,0,0,0,1,0,0,0,0,0,0,0,0,0,0,0,0,1,0,1,1,0,0,0,1,0,0,0,1,0,0,0,0,0,0,0,0,1,0,0,1,0,0,0,0,1,0,0,0,1,0,0,0,0,0,0,0,0,0,0,0,1,0,0,1,1,1,0,0,0,0,1,0,0,1,0,0,0,0,0,0,1,0,0,0,1,0,0,1,0,0,0,0,0,0,0,0,1,0,0,0,0,0,0,0,0,0,0,1,0,1,0,0,0,1,0,1,0,1,0,1,0,1,0,0
"moth_dec_4_MB_SampleID_63",550369.000008029,7171546.00000324,2009,771.25492477417,1.55000000943741,209,-0.243333333333333,0,1,0,0,0,0,1,0,0,1,0,0,0,0,1,0,0,0,0,0,0,0,0,0,0,0,0,0,0,1,0,0,0,1,0,0,0,1,0,1,0,0,1,0,0,0,1,0,0,0,0,1,0,0,0,0,0,0,0,0,0,0,0,1,0,0,0,1,0,0,0,0,0,0,0,0,1,0,1,0,0,1,1,1,1,0,0,0,0,0,1,0,1,0,0,1,1,0,0,0,1,0,0,1,1,1,0,0,0,0,0,0,0,0,1,0,0,0,1,1,0,0,0,0,0,0,1,0,0,0,0,1,0,0,0,0,0,1,0,0,0,0,0,0,0,0,0,1,1,1,1,0,0,0,0,0,0,0,0,0,0,0,1,0,0,0,0,0,1,0,0,1,0,0,1,0,0,0,0,0,1,0,0,0,1,0,0,0,0,0,0,1,0,0,0,1,1,0,0,0,0,0,0,1,0,0,0,0,0,1,0,0,1,0,0,0,1,0,0,0,0,0,1,0,0,0,0,0,0,0,0,0,1,0,0,0,0,0,1,0,0,1,0,0,0,0,0,0,1,0,0,0,1,1,0,1,0,0,0,0,0,0,0,1,0,0,0,0,0,0,0,0,1,0,0,0,1,1,0,0,1,1,0,1,1,0,0,1,0,1,0,0
"moth_dec_4_MB_SampleID_64",550369.000008961,7171546.00000488,2010,957.78337097168,0.283333371082937,186,-1.1525,0,0,0,0,0,0,1,0,0,1,0,0,0,0,1,0,0,0,0,0,0,0,0,0,0,0,0,0,0,0,0,0,0,0,0,1,0,1,0,1,1,0,1,0,0,0,1,0,0,1,0,1,0,0,0,0,0,0,0,0,0,0,0,1,0,0,0,1,0,0,0,0,0,0,0,0,0,0,1,1,0,1,1,1,1,1,0,0,0,0,1,0,1,1,1,1,0,0,0,0,1,0,0,1,0,1,0,0,0,0,0,0,0,0,1,0,0,1,1,1,1,0,0,0,1,1,1,0,0,1,0,1,0,0,0,0,0,1,0,1,0,0,0,0,0,0,0,1,1,1,1,0,0,0,0,0,1,0,0,0,0,0,1,0,0,1,0,0,0,0,0,1,0,0,0,0,0,1,0,0,0,0,0,0,1,0,0,0,0,0,0,1,0,0,0,1,0,0,0,0,0,0,0,0,1,0,0,1,0,0,0,0,1,0,0,0,1,0,0,0,0,0,1,1,0,0,1,1,1,1,0,0,0,1,0,0,0,0,1,0,0,1,1,1,0,0,0,0,0,0,0,0,1,0,0,1,0,0,0,0,0,0,0,1,0,0,0,0,0,0,0,0,0,0,1,0,1,1,1,0,0,1,0,0,0,0,1,0,0,0,0,1
"moth_dec_4_MB_SampleID_65",550369.000008378,7171546.00000626,2011,1115.33999443054,2.71666671832403,152,0.293333333333333,0,1,1,0,0,0,1,0,0,1,1,0,1,1,1,0,0,0,0,0,0,0,0,0,0,0,0,0,0,0,0,0,0,0,0,1,0,1,0,1,1,0,0,1,1,0,1,0,1,1,1,1,0,1,0,0,0,0,0,1,0,0,0,1,0,1,0,1,0,0,0,0,0,0,0,0,1,1,1,1,0,1,1,1,1,1,0,0,0,0,1,0,1,0,0,1,1,1,0,0,1,0,0,1,0,1,0,0,0,1,0,0,0,0,1,1,0,1,1,1,1,0,0,0,0,1,1,0,0,1,0,1,0,0,0,1,0,1,0,0,0,0,0,0,0,0,0,1,0,1,0,0,0,1,1,0,1,0,0,0,0,0,1,0,0,1,0,0,1,0,0,1,1,0,0,0,0,1,0,0,1,0,0,0,1,1,0,0,0,0,1,1,0,0,0,1,1,0,1,0,0,0,0,1,0,0,0,1,0,0,0,0,1,1,0,0,1,0,0,0,1,0,1,0,0,0,0,0,0,1,0,0,0,1,0,0,0,0,1,0,0,1,0,1,0,0,0,0,1,0,0,0,1,0,0,1,1,0,1,0,0,0,0,1,0,1,0,0,0,0,0,0,0,1,1,0,1,1,0,0,0,1,0,1,1,0,0,1,0,1,0,1
"moth_dec_4_MB_SampleID_66",550369.000000908,7171546.00000639,2012,1131.56014251709,0.783333400885265,191,-0.455833333333333,0,1,0,0,0,0,1,0,0,1,1,0,0,0,0,0,0,0,0,0,0,0,0,0,0,0,0,0,0,1,0,0,0,0,0,1,0,1,0,1,1,0,1,0,0,0,1,0,1,1,1,1,0,1,1,0,0,0,0,0,0,0,1,1,0,0,1,1,0,0,0,0,0,0,0,0,1,0,1,1,1,1,1,1,1,1,0,0,1,0,1,0,1,0,0,1,0,0,1,0,1,0,0,1,0,1,0,0,0,1,0,0,0,1,1,0,0,1,1,1,0,0,0,0,1,1,1,0,0,1,0,1,0,0,0,1,0,1,0,0,0,0,0,0,0,0,0,1,1,1,1,1,0,1,1,0,1,0,0,0,0,0,1,0,0,1,0,0,1,0,0,1,1,0,1,0,0,1,0,0,0,0,0,0,1,1,1,0,0,0,0,1,0,0,0,1,0,1,0,0,0,0,0,1,0,0,0,1,0,1,0,0,1,0,0,0,1,0,0,0,0,0,0,0,0,0,0,1,0,1,0,0,1,1,0,1,0,0,1,0,0,1,0,1,1,0,0,0,1,0,0,1,1,1,0,1,1,0,0,0,0,0,0,1,0,0,0,0,0,0,1,0,1,1,1,1,1,1,0,0,0,1,0,0,0,1,0,0,0,1,0,0
"moth_dec_4_MB_SampleID_67",550369.000006576,7171546.00000477,2013,932.618265151977,2.64166665449739,177,0.21,0,1,0,0,0,0,0,0,0,1,1,1,1,0,1,0,0,0,1,0,0,0,0,0,0,0,0,0,1,0,1,0,0,0,0,1,1,1,0,1,1,0,1,1,0,0,1,0,0,1,0,1,1,0,1,1,0,0,1,0,1,0,0,1,0,0,1,1,0,0,0,1,0,0,0,0,0,1,1,0,0,1,1,1,1,1,1,0,0,0,0,1,1,0,1,1,1,1,1,0,1,0,0,1,0,1,0,0,0,1,0,0,0,0,1,1,0,1,1,1,0,0,0,0,0,1,1,0,0,1,0,1,0,1,0,0,0,0,0,0,0,0,0,1,0,0,0,1,1,1,0,0,0,0,0,0,0,0,0,0,0,0,1,1,0,1,0,0,1,0,0,0,0,0,0,0,0,1,0,0,1,0,0,0,1,0,1,0,0,0,1,1,0,0,0,1,1,0,0,0,0,0,0,1,0,0,0,1,1,0,1,0,1,0,0,0,1,0,0,0,1,0,1,0,0,0,0,0,1,0,0,0,0,1,0,0,0,0,1,0,0,1,0,1,0,0,0,0,1,0,0,0,1,1,0,1,1,0,0,0,0,0,0,1,0,1,0,0,0,0,0,0,0,1,1,0,1,1,0,0,0,1,0,0,1,1,0,0,0,1,1,0
"moth_dec_4_MB_SampleID_68",550369.000002041,7171546.00000178,2014,996.524366378783,2.86666664977868,196,0.186666666666667,0,1,0,0,0,0,0,0,0,1,1,1,1,1,1,0,0,0,1,0,0,0,0,0,0,0,0,0,0,1,1,0,0,1,0,1,1,1,0,1,1,0,0,1,1,0,1,0,1,1,0,1,0,0,1,0,0,0,0,0,0,0,1,1,0,0,0,1,0,0,0,0,0,0,0,0,1,1,1,0,0,1,1,1,1,1,0,0,0,0,0,1,1,1,0,1,0,1,0,0,1,0,0,1,0,1,0,0,0,1,0,0,0,0,1,1,0,0,1,1,0,0,0,0,0,1,1,0,0,1,0,1,0,0,0,0,0,0,0,0,0,0,0,1,0,0,0,1,0,1,0,0,1,0,1,0,0,1,1,0,0,0,1,1,0,1,0,0,0,0,0,0,1,0,0,0,1,0,0,0,0,0,0,0,1,0,0,0,0,0,0,1,0,0,0,1,1,0,0,0,0,0,0,1,0,0,0,1,0,0,1,0,1,0,0,0,1,0,0,0,0,0,1,0,0,0,0,0,0,1,0,0,1,1,0,0,0,0,1,0,0,1,0,1,0,0,0,0,1,0,0,0,1,1,0,1,1,0,0,0,0,0,0,1,0,1,0,0,0,0,1,0,1,0,1,0,1,1,0,0,0,1,0,0,0,1,0,0,0,1,1,0
"moth_dec_4_MB_SampleID_69",550369.000001492,7171546.00000427,2015,1489.38054275513,2.9666667021811,182,0.433333333333333,0,1,0,0,0,0,0,0,0,1,1,1,0,0,1,1,0,1,1,0,0,0,0,1,0,1,1,0,0,1,1,0,0,0,0,1,0,1,0,1,1,0,1,0,0,0,1,0,1,1,0,1,1,1,0,0,0,0,0,0,0,1,1,1,0,1,1,1,0,0,0,0,0,0,0,1,1,1,1,1,0,1,1,1,1,1,1,0,0,0,0,1,1,0,0,1,1,1,0,0,1,0,0,1,0,1,0,0,1,1,0,0,0,0,1,0,0,0,1,1,1,0,1,0,0,1,1,0,0,1,0,1,0,0,0,0,0,0,0,0,0,0,0,0,0,0,1,1,1,1,1,0,1,0,1,0,1,1,1,0,1,0,1,1,0,1,0,0,0,0,0,0,1,0,0,0,0,1,0,0,1,0,1,0,1,1,0,1,0,0,0,1,1,0,0,1,1,1,0,0,0,0,0,1,0,0,0,0,0,0,1,0,1,0,1,0,1,0,0,0,0,0,1,1,0,1,0,0,0,0,0,0,1,1,0,1,0,0,1,0,0,1,0,1,1,0,0,0,1,0,1,1,1,1,0,1,1,0,1,0,0,0,1,1,0,1,0,1,0,0,1,0,1,0,1,0,0,1,1,0,0,1,0,1,1,1,0,0,0,1,1,0
"moth_dec_4_MB_SampleID_70",550369.000005684,7171546.00000827,2016,999.15456199646,2.39166670044263,180,-0.0383333333333333,0,1,1,0,0,0,0,0,0,0,1,1,0,0,1,0,0,0,1,0,1,0,0,0,0,0,0,0,0,1,0,0,0,0,0,0,1,1,0,1,1,0,1,0,0,0,1,0,0,1,0,1,0,1,0,0,1,0,0,0,0,0,0,1,0,1,0,1,0,0,0,1,0,1,0,0,1,1,1,0,0,1,1,1,1,1,0,0,0,0,0,1,1,0,0,1,1,1,0,0,1,0,0,1,0,1,0,0,0,0,0,0,0,0,1,0,0,0,1,1,1,0,0,0,0,1,1,0,0,0,0,1,0,1,0,0,0,0,0,0,0,0,0,0,0,0,1,1,1,1,0,0,0,0,0,0,0,0,1,0,0,0,0,1,0,1,0,0,1,0,0,0,1,0,1,0,1,0,0,0,1,0,0,0,1,0,0,0,0,0,0,1,0,0,0,1,1,1,0,0,0,0,0,1,0,0,0,1,0,0,0,0,1,1,1,0,1,0,0,0,0,0,1,1,0,0,0,0,0,0,0,0,1,1,0,1,0,0,1,0,0,1,0,1,1,0,0,0,1,0,0,0,1,1,0,1,1,0,0,0,0,0,0,1,0,1,0,0,0,0,0,0,0,1,1,0,0,1,0,0,0,1,0,1,0,1,0,0,0,1,1,0
"moth_dec_4_MB_SampleID_71",550369.000000821,7171546.00000419,2017,1050.91038513184,1.64166667064031,205,0.225833333333333,0,0,1,0,0,0,0,0,0,1,1,1,0,0,0,0,0,1,1,0,0,0,0,0,0,0,1,0,0,1,0,0,0,0,0,1,0,1,0,1,1,0,1,0,0,0,1,0,0,1,0,1,1,1,0,1,1,0,0,0,0,0,1,0,0,1,1,1,0,0,0,0,0,0,0,1,1,1,1,1,1,1,1,1,1,1,1,0,0,1,0,1,1,0,0,1,1,1,0,0,1,0,0,1,1,1,1,1,1,0,0,0,0,0,1,0,0,0,1,1,1,0,1,0,0,1,1,0,0,1,0,1,0,0,0,1,0,0,0,0,0,0,1,0,1,0,0,1,1,1,1,0,1,1,1,1,1,1,1,0,0,0,1,1,0,1,1,0,1,0,0,0,1,0,0,0,0,1,0,0,0,0,0,1,1,1,1,1,1,1,0,1,0,0,0,1,0,1,0,1,0,1,0,1,1,0,0,1,1,0,0,0,1,0,1,0,1,0,0,0,1,0,0,1,0,1,1,0,1,1,0,0,0,1,0,1,0,0,1,0,0,1,1,1,1,0,0,0,1,0,0,0,1,1,0,1,1,0,1,0,0,0,0,1,0,1,0,0,0,0,1,0,1,0,1,0,1,1,1,0,0,1,0,1,1,1,0,0,0,1,1,0
"moth_dec_4_MB_SampleID_72",409077.000003733,7172704.00000063,2008,849.018438339234,3.77499996622403,167,-0.378333333333333,1,1,1,0,0,1,0,1,0,0,1,0,1,0,1,0,1,0,0,0,1,1,0,1,0,0,0,0,0,0,1,1,0,1,1,1,1,1,0,1,1,0,1,0,1,0,1,0,1,1,1,0,0,1,0,0,1,0,0,1,1,0,1,0,1,1,0,1,0,0,0,0,1,0,1,0,1,1,1,0,0,1,0,1,1,1,0,0,0,1,0,0,1,1,0,1,1,1,0,0,1,0,1,1,1,1,0,1,1,0,0,1,0,0,1,0,0,1,1,1,1,1,0,0,1,1,1,0,0,0,0,1,0,0,0,1,0,1,0,0,0,0,0,1,1,0,0,1,1,0,0,0,0,1,1,0,0,1,1,1,0,1,0,0,0,1,0,0,1,0,0,1,0,1,1,0,0,1,0,0,1,0,0,0,1,0,1,0,0,1,0,0,1,0,0,1,1,0,0,1,1,0,0,0,1,0,1,0,0,1,0,1,1,0,0,0,1,1,1,0,0,0,0,1,1,0,0,0,1,0,1,1,1,0,0,0,0,0,1,1,1,1,0,1,1,0,0,0,0,1,0,0,0,1,1,0,0,0,0,0,1,1,0,1,1,0,1,0,1,0,0,1,1,0,0,1,1,0,1,0,0,1,0,0,0,1,0,0,1,1,0,0
"moth_dec_4_MB_SampleID_73",409077.000000707,7172704.00000677,2009,571.756163597107,2.85833327596387,152,-0.243333333333333,1,1,0,0,0,0,0,1,0,0,1,0,1,1,1,0,1,0,0,0,1,1,0,1,0,0,0,0,0,1,1,1,0,1,1,1,1,1,0,1,1,0,0,0,1,1,1,0,1,1,1,1,0,1,0,1,1,0,0,1,0,0,1,1,1,1,1,1,0,0,0,0,1,0,1,0,1,1,1,0,1,1,1,1,1,1,0,0,0,0,0,0,0,0,1,1,1,1,0,0,1,0,1,1,1,1,0,1,1,0,0,0,0,1,0,0,0,1,1,1,0,1,0,0,1,1,1,0,0,1,0,1,0,1,0,0,0,1,0,0,0,0,0,1,0,0,0,1,0,0,1,0,0,1,0,0,0,1,1,1,0,0,0,0,0,0,0,0,0,0,0,1,1,0,1,0,0,1,0,0,1,0,0,0,1,0,0,0,0,1,0,1,0,0,0,1,1,0,0,1,0,0,0,0,0,0,1,0,0,0,0,0,1,0,0,1,1,1,1,0,0,0,1,0,0,0,0,0,1,0,1,0,1,0,0,1,0,0,1,0,0,1,0,1,1,0,0,0,1,1,0,1,1,1,1,0,1,0,0,0,1,1,0,1,0,1,1,0,1,0,0,1,0,1,0,1,1,0,1,0,1,1,0,0,1,1,0,0,1,0,0,1
"moth_dec_4_MB_SampleID_74",409077.000008907,7172704.00000598,2010,594.26012802124,1.40833330154418,165,-1.1525,1,1,1,0,0,0,0,0,0,0,1,0,1,1,1,0,1,0,0,0,0,1,0,1,0,1,0,0,1,1,1,0,0,1,1,1,1,1,0,1,1,0,0,0,0,1,1,0,1,1,1,1,0,1,0,1,1,0,1,1,1,0,1,0,0,1,0,1,0,0,0,0,1,0,1,0,1,1,1,0,0,1,0,1,1,1,0,0,0,0,0,0,1,0,0,1,1,1,1,1,1,0,1,1,1,1,0,1,1,1,1,0,0,0,0,0,0,1,1,1,1,1,0,0,1,1,1,0,0,1,0,1,1,1,0,1,0,1,0,0,0,0,0,1,0,0,0,1,0,1,1,0,0,1,1,0,0,1,1,0,0,0,0,0,0,1,1,0,0,0,0,1,0,0,1,0,0,1,0,0,1,0,0,0,1,0,0,0,0,1,0,1,0,0,0,1,1,0,0,1,1,0,0,0,1,1,1,1,0,0,0,0,1,0,0,1,1,1,1,0,0,0,0,1,1,0,0,1,1,0,1,0,1,1,0,1,0,0,1,1,0,1,0,1,1,0,0,0,1,0,0,0,0,1,1,1,1,0,0,0,1,1,0,1,1,0,0,0,1,0,0,1,1,1,0,1,1,0,1,1,0,1,0,1,0,1,0,0,1,0,0,0
"moth_dec_4_MB_SampleID_75",409077.000004324,7172704.00000925,2011,704.939884185791,4.10833340883255,132,0.293333333333333,1,1,1,0,0,0,0,1,0,0,1,0,1,0,1,0,1,0,0,1,0,1,0,0,0,0,0,0,0,0,1,1,0,0,1,1,1,1,0,1,1,0,0,0,1,1,1,0,1,1,1,0,0,1,1,1,1,0,0,1,1,1,1,1,1,1,1,1,0,0,0,0,1,0,1,0,0,1,1,1,1,1,0,1,1,1,0,0,0,0,0,0,0,0,1,0,1,1,0,1,1,0,1,1,1,1,1,0,0,0,0,0,0,1,0,0,0,1,1,1,1,1,1,1,0,1,1,0,0,1,0,1,1,1,0,1,0,1,0,0,0,0,0,1,0,0,0,1,0,0,1,1,0,1,1,0,0,1,1,1,0,0,0,0,1,1,0,0,0,1,0,1,1,0,0,0,0,1,0,0,1,0,0,0,1,0,1,1,0,1,0,1,1,0,0,1,1,0,0,1,1,0,1,0,0,1,1,0,1,0,0,1,1,0,1,0,1,1,1,0,0,0,1,1,1,0,0,1,1,0,1,0,1,0,0,1,0,0,1,1,0,1,0,1,1,0,0,0,1,1,1,0,1,1,1,1,0,0,0,1,1,1,0,1,0,1,0,0,1,0,0,1,0,1,0,0,1,0,1,1,0,1,0,0,0,1,1,0,1,0,0,1
"moth_dec_4_MB_SampleID_76",409077.000005951,7172704.00000533,2012,776.507677078247,2.19166656645636,154,-0.455833333333333,1,0,0,0,0,1,0,1,0,0,1,0,1,1,1,0,1,0,0,1,0,1,0,0,0,0,0,0,1,1,1,0,0,1,1,1,0,1,1,1,1,0,1,0,1,1,1,0,1,1,1,0,0,1,0,1,1,1,0,1,1,0,1,0,1,1,0,1,0,0,0,0,1,0,1,1,1,1,1,0,1,1,0,1,0,1,0,0,0,0,0,0,1,0,1,1,1,1,0,1,1,0,1,1,1,1,1,0,0,0,1,0,0,0,0,0,0,0,1,1,1,0,1,0,1,1,1,1,0,1,0,1,1,1,0,1,0,1,0,0,0,0,0,1,0,0,0,1,0,0,1,1,0,1,1,0,0,1,1,1,0,0,0,0,1,0,0,0,1,0,0,1,1,0,0,0,0,1,0,1,1,0,0,0,1,0,1,1,1,1,0,1,1,0,1,1,1,0,0,1,1,1,1,0,0,0,1,0,0,0,0,0,1,0,0,0,1,0,1,1,0,0,1,1,1,0,0,1,1,0,0,0,1,1,0,1,1,0,1,0,0,1,1,1,1,0,0,0,1,1,1,1,1,1,1,0,0,0,1,1,1,1,0,1,0,0,1,0,1,0,0,1,0,1,0,1,1,0,1,0,0,1,0,0,0,1,0,0,1,0,0,0
"moth_dec_4_MB_SampleID_77",409077.000006274,7172704.0000045,2013,759.526032447815,4.04999989457428,151,0.21,1,1,1,0,0,0,0,0,0,0,0,0,1,1,1,0,1,0,1,0,0,1,0,0,0,0,0,0,1,0,1,1,0,1,1,1,1,0,0,1,1,0,1,0,1,0,1,0,1,1,1,0,1,1,0,1,1,1,0,1,1,0,1,0,0,1,1,1,0,0,0,1,1,1,0,0,1,1,1,0,1,1,0,1,1,1,0,0,0,0,0,0,0,0,1,0,1,1,1,1,1,0,1,1,1,1,0,0,1,1,0,1,0,1,1,0,0,1,1,1,1,1,0,1,0,1,1,0,0,1,0,1,1,1,0,1,1,0,0,0,0,0,0,1,1,1,0,1,1,1,1,0,0,1,1,0,0,1,1,1,0,0,0,1,1,1,1,0,1,0,1,0,1,0,1,0,1,1,0,1,1,0,0,0,1,0,0,1,0,1,1,1,1,0,0,1,1,0,0,1,0,0,1,0,0,1,0,1,0,0,1,1,1,0,1,0,1,1,1,0,0,0,1,1,1,0,0,0,1,0,0,0,1,1,0,1,1,1,1,0,0,1,1,1,1,0,1,1,1,1,1,0,1,1,0,1,0,0,1,0,1,1,1,1,0,1,0,0,1,1,1,1,1,1,1,0,1,0,1,1,0,1,1,1,0,1,0,0,1,1,1,1
"moth_dec_4_MB_SampleID_78",409077.000005571,7172704.00000348,2014,663.391901016236,4.39166665449739,114,0.186666666666667,1,1,1,0,0,0,0,0,0,0,0,0,1,1,1,1,1,1,0,0,0,1,0,0,0,0,0,0,0,0,1,0,1,0,1,1,1,0,0,1,1,0,0,1,0,0,1,0,1,1,1,1,1,1,0,1,1,1,0,1,1,0,1,0,0,1,1,1,0,0,0,1,1,1,0,1,1,1,1,0,0,1,0,1,1,1,0,0,1,1,0,0,0,0,1,0,1,1,0,1,1,0,1,1,1,1,0,0,1,0,0,1,0,1,1,0,0,0,1,1,1,0,0,0,1,1,1,1,0,1,0,1,1,1,0,1,0,0,0,0,0,0,0,1,0,0,1,1,0,1,0,0,0,1,1,0,0,1,1,1,1,0,1,1,1,1,0,0,1,1,1,0,0,0,1,0,1,1,0,1,1,0,0,0,1,1,0,1,0,1,1,1,1,0,0,1,1,0,0,1,1,0,0,1,1,1,0,1,0,0,0,1,0,0,1,0,1,1,1,0,0,0,1,1,1,1,0,1,1,0,0,0,1,1,0,1,1,1,1,1,1,1,0,1,1,0,0,0,1,1,1,0,1,1,0,1,0,0,1,1,1,1,0,1,0,0,1,0,1,0,0,1,1,1,0,0,1,0,1,0,0,1,1,0,0,1,0,0,1,0,1,0
"moth_dec_4_MB_SampleID_79",409077.000009081,7172704.00000148,2015,880.748054504394,4.65833334500591,133,0.433333333333333,1,0,0,0,0,0,0,0,0,0,1,0,1,1,1,0,1,1,1,1,0,0,0,0,0,0,0,0,0,1,1,0,1,0,1,1,0,1,0,1,1,0,0,0,1,0,1,0,1,1,1,1,1,1,0,1,1,0,0,1,1,1,1,0,0,1,1,0,0,0,0,1,1,1,0,1,1,1,1,0,0,1,0,1,0,1,1,0,0,0,0,0,1,0,0,1,1,1,0,1,1,0,1,1,1,1,0,0,1,0,0,0,1,0,0,0,0,1,1,1,1,0,0,0,0,0,1,0,0,0,0,1,1,1,0,1,0,0,0,0,0,1,0,1,0,0,0,1,0,1,1,1,0,1,1,1,0,1,1,1,1,0,0,1,0,1,0,0,0,1,1,0,1,0,0,0,0,1,0,0,1,0,0,0,1,0,1,0,0,1,0,1,1,0,0,1,1,0,0,1,1,0,1,0,0,0,0,0,0,0,0,1,0,0,0,0,1,0,0,1,0,0,1,1,1,1,0,0,0,1,1,0,1,0,0,1,0,1,1,1,0,1,0,0,1,0,0,0,0,1,1,0,0,1,0,1,0,0,1,0,1,1,0,1,0,1,1,0,1,0,0,1,0,1,0,0,1,0,1,0,0,1,1,0,0,1,0,0,1,0,1,0
"moth_dec_4_MB_SampleID_80",452694.000008767,7186859.00000047,2008,929.715919494629,3.5416667163372,181,-0.378333333333333,1,1,0,0,0,1,0,0,0,0,1,0,1,0,0,0,1,1,0,0,0,0,0,1,0,1,0,0,0,1,1,0,0,1,0,1,1,0,1,1,1,1,1,0,1,1,1,0,0,0,0,1,0,1,0,1,0,0,1,1,1,0,1,1,0,1,0,0,0,0,0,0,0,0,1,0,1,1,1,0,1,1,1,0,1,0,0,0,0,0,0,0,1,1,1,0,1,1,0,1,1,0,0,1,0,1,0,1,0,0,1,0,0,0,1,0,0,1,1,1,1,1,0,1,0,1,1,0,0,1,0,0,0,0,0,1,0,0,1,0,0,0,0,1,0,0,0,1,0,0,1,0,0,1,1,0,0,1,1,0,0,0,1,0,0,1,0,0,1,0,0,1,1,0,0,0,0,1,0,0,0,0,1,0,0,0,0,1,0,1,0,1,1,0,0,0,1,0,0,1,0,0,0,0,0,0,1,1,0,1,0,1,1,0,1,0,1,1,0,1,0,0,1,0,1,0,0,0,1,0,0,0,1,0,0,0,0,0,1,0,0,1,0,1,1,0,1,0,1,0,0,0,1,1,0,0,0,0,0,1,0,0,0,1,1,0,1,0,0,0,0,0,0,1,0,1,1,1,1,1,0,1,0,0,1,1,0,0,1,1,0,1
"moth_dec_4_MB_SampleID_81",452694.000007082,7186859.00000871,2009,658.912725448608,2.5583332926035,184,-0.243333333333333,0,1,1,0,0,1,0,1,0,0,1,0,1,1,0,0,0,0,0,0,0,0,0,0,0,0,0,0,0,1,0,0,0,1,0,1,1,0,0,0,1,0,0,0,1,1,1,0,0,0,0,1,0,0,0,1,0,0,0,0,1,0,0,0,0,0,0,0,0,0,0,0,0,0,1,0,0,1,1,0,0,1,0,1,0,1,0,0,0,0,0,0,1,0,1,1,1,1,0,1,1,0,0,1,1,1,0,1,0,0,0,0,0,0,0,1,0,0,1,1,0,0,0,1,1,1,0,0,0,0,0,1,0,0,0,0,0,0,1,0,0,0,0,0,0,0,0,1,0,0,1,0,0,1,1,0,1,1,1,0,0,0,1,0,0,0,0,0,1,0,0,1,0,0,1,0,0,0,0,0,1,0,1,0,1,0,0,0,0,1,0,1,0,0,0,0,1,0,0,1,0,0,0,1,1,0,1,1,1,1,0,0,1,0,1,0,1,1,0,0,0,0,1,1,0,0,0,0,1,0,0,0,1,1,0,1,0,0,1,0,0,1,0,0,0,0,0,0,1,0,0,0,1,1,0,0,1,0,1,0,0,0,0,1,0,1,1,0,0,0,0,0,0,0,0,1,1,1,1,0,0,1,0,0,1,1,0,0,1,1,0,1
"moth_dec_4_MB_SampleID_82",452694.00000588,7186859.00000286,2010,729.137460708618,1.15000003576279,184,-1.1525,0,1,0,0,0,0,0,0,0,0,1,0,1,0,0,0,0,0,0,0,0,0,0,0,0,0,0,0,0,1,1,0,0,1,1,1,1,0,1,1,1,0,1,0,1,0,1,0,1,0,0,1,0,1,0,0,0,1,0,1,1,0,0,1,0,0,0,1,0,0,0,0,1,0,1,0,1,1,1,0,0,1,0,1,1,1,0,0,0,0,0,0,1,1,1,1,1,1,0,1,1,0,0,1,1,1,0,0,0,0,0,0,0,1,0,0,0,1,1,1,0,0,0,0,0,1,1,0,0,0,0,1,0,0,0,1,0,1,1,0,0,0,0,1,1,0,0,1,0,0,1,0,0,1,0,0,0,1,1,0,0,0,0,0,0,1,0,0,1,0,0,1,0,0,0,0,0,1,0,0,1,0,0,0,1,0,0,0,0,1,0,1,0,0,1,0,0,0,0,1,0,0,0,0,1,0,0,0,1,1,0,0,1,0,1,1,1,1,0,0,1,0,0,0,1,0,0,1,1,0,0,0,0,0,0,1,1,0,1,0,0,1,0,1,1,0,0,0,1,0,0,0,0,0,1,1,1,0,1,0,0,0,0,1,0,1,1,0,0,0,0,1,0,1,0,0,1,1,0,1,0,1,0,0,1,1,0,0,0,1,0,0
"moth_dec_4_MB_SampleID_83",452694.000008892,7186859.00000895,2011,883.618431091308,3.90000006556512,143,0.293333333333333,1,0,1,0,0,1,0,0,0,0,1,0,1,1,0,0,0,0,0,0,0,0,0,0,0,0,0,0,0,1,0,0,0,0,1,0,0,0,0,0,1,0,0,1,1,1,1,0,1,0,1,1,0,1,0,0,0,0,0,0,1,1,1,0,0,0,1,1,0,0,0,0,1,0,1,0,1,1,1,1,1,1,1,1,1,1,0,0,0,0,0,0,1,0,0,0,1,1,0,1,1,0,0,1,1,1,0,0,0,0,0,0,0,1,0,0,1,0,1,1,0,0,0,0,1,1,1,0,0,1,0,0,0,0,0,0,0,0,1,0,0,0,0,1,0,0,0,1,0,1,1,0,0,1,1,0,1,1,1,0,0,0,1,0,0,0,0,0,1,0,0,1,1,0,0,0,0,1,0,0,1,0,0,0,1,0,0,0,0,0,0,1,0,0,0,0,1,0,0,1,0,0,0,0,1,1,0,1,1,1,0,1,1,0,1,0,1,1,0,1,0,0,1,0,0,0,0,0,0,0,1,0,0,1,0,1,0,0,1,0,1,1,0,1,1,0,0,0,1,0,1,0,0,1,1,1,0,0,0,0,0,0,0,1,0,0,1,0,0,0,0,1,1,1,0,1,1,1,0,0,0,1,0,1,1,1,0,0,0,1,0,1
"moth_dec_4_MB_SampleID_84",627225.000007349,7189716.00000248,2008,916.990993499756,1.94166673719882,196,-0.378333333333333,0,0,0,0,0,1,0,0,0,0,1,0,0,0,1,0,0,0,0,0,0,1,0,1,0,0,0,0,1,1,0,0,0,0,0,1,0,1,1,1,1,0,1,0,0,0,1,0,0,1,1,1,0,0,0,0,1,0,0,0,0,0,0,1,0,1,0,1,0,0,0,0,1,0,1,1,1,1,1,0,0,1,1,0,1,1,0,0,0,0,0,0,0,0,0,1,1,1,0,0,1,0,0,1,0,1,0,0,1,1,0,0,0,0,0,0,0,0,1,1,0,1,1,0,1,1,1,0,0,0,0,0,0,0,0,0,0,1,0,1,0,0,0,0,0,0,0,1,1,1,1,0,0,0,0,0,0,0,0,0,0,0,1,0,0,0,0,0,0,0,0,1,0,0,0,0,0,1,0,0,1,0,0,0,1,0,1,1,0,1,0,1,1,0,0,1,1,0,0,1,0,0,0,0,0,1,0,1,0,0,0,1,1,0,0,0,1,0,0,0,0,0,1,1,0,0,0,0,1,0,0,0,1,1,0,0,0,0,1,0,0,1,1,1,1,0,0,0,1,0,0,0,1,1,0,1,0,0,1,0,0,0,0,1,0,1,0,0,0,0,0,1,1,1,1,1,1,1,1,0,0,1,0,0,1,1,0,1,0,1,0,0
"moth_dec_4_MB_SampleID_85",627225.000004572,7189716.00000507,2009,677.894797325135,1.17500000198682,211,-0.243333333333333,0,1,0,0,0,1,0,0,0,1,1,0,1,0,1,0,0,0,0,0,0,0,0,0,0,0,0,0,0,1,1,0,0,1,0,0,0,0,0,1,0,0,0,0,1,0,1,0,1,1,1,1,0,0,0,0,1,0,0,0,0,0,0,1,0,0,0,1,0,0,0,0,0,0,0,0,0,1,1,0,0,1,1,1,1,1,0,0,0,0,1,0,1,0,0,1,1,1,0,0,1,1,0,1,0,1,0,0,0,1,0,0,0,1,1,0,0,0,1,1,1,0,0,0,0,1,0,0,0,0,0,0,0,0,0,0,0,1,0,0,0,0,0,1,0,0,0,1,1,1,1,0,0,0,0,0,0,0,0,0,0,0,0,0,0,0,0,0,0,0,0,1,0,0,1,0,0,0,0,0,1,0,0,0,1,0,1,0,0,1,0,1,0,0,0,1,1,0,0,0,0,0,0,0,0,0,0,0,0,1,0,0,1,0,0,0,1,0,0,0,0,0,1,0,0,0,1,0,1,0,0,0,1,0,0,0,0,0,1,0,0,0,1,0,0,0,0,0,1,0,0,0,1,1,1,1,1,0,0,0,0,0,0,1,1,0,0,0,0,0,0,0,1,0,0,0,1,0,1,0,0,1,0,0,1,0,0,1,0,1,0,1
"moth_dec_4_MB_SampleID_86",627225.000004906,7189716.00000445,2010,730.204433441162,0.0416666666666634,190,-1.1525,0,1,0,0,0,0,1,0,0,0,1,0,0,0,1,0,0,0,0,0,0,0,0,0,0,0,0,0,0,1,1,0,0,1,1,1,0,0,0,1,1,0,1,0,1,1,1,0,1,1,1,1,0,0,0,0,1,1,0,0,1,0,1,1,0,0,0,1,0,0,0,0,1,0,1,0,0,1,1,0,0,1,1,1,1,1,0,0,0,0,0,0,1,0,0,1,1,1,0,0,1,0,0,1,1,1,0,0,0,1,0,0,0,0,1,1,0,1,0,1,1,1,0,0,0,1,1,0,0,0,0,1,0,1,0,0,0,1,0,1,0,0,0,1,0,0,0,1,1,1,1,0,0,1,1,0,1,0,0,0,0,0,1,0,0,0,0,0,0,0,0,1,1,0,1,0,0,1,0,0,1,0,0,0,1,0,1,0,0,1,0,1,0,0,0,1,1,0,0,0,0,0,0,0,0,0,0,1,0,1,0,0,1,1,0,0,1,0,0,0,1,0,1,0,0,0,0,0,1,1,0,0,1,0,0,0,0,0,1,0,0,1,1,1,0,0,0,0,1,0,0,0,1,1,1,1,1,0,1,0,0,0,0,1,1,0,0,0,0,0,1,0,0,1,0,1,1,1,1,0,0,1,0,1,0,1,0,1,0,1,0,0
"moth_dec_4_MB_SampleID_87",627225.000009854,7189716.00000574,2011,839.085363388062,2.44166658322016,161,0.293333333333333,0,1,1,0,0,0,1,0,0,0,1,0,1,1,1,0,0,0,0,0,0,0,0,0,0,1,0,0,0,0,0,0,1,0,0,1,0,1,1,1,0,0,1,0,1,1,1,0,1,1,1,1,0,0,0,1,1,0,1,0,0,0,1,1,0,0,0,1,0,0,0,0,1,0,1,0,0,1,1,1,1,1,1,1,1,1,0,0,0,0,1,0,1,0,0,1,1,1,1,0,1,0,0,1,0,1,0,0,1,1,0,0,0,0,1,0,0,1,1,1,1,1,1,0,1,1,1,0,0,0,0,1,0,0,0,1,0,1,0,0,0,0,0,1,0,0,0,1,1,1,1,0,0,1,1,0,0,0,0,0,0,0,1,0,0,0,0,0,1,0,0,1,0,0,0,0,0,1,0,0,1,0,0,0,1,0,0,0,0,0,0,1,0,0,0,1,1,0,0,0,0,1,0,1,0,0,0,1,0,1,0,0,1,0,0,0,1,0,0,0,0,0,1,0,0,0,1,1,0,0,1,0,1,1,0,0,0,0,1,0,0,1,1,1,0,0,0,1,1,0,1,0,1,1,1,1,1,0,1,0,0,0,0,1,0,1,0,0,0,1,0,1,0,1,0,1,1,1,1,0,0,1,0,1,0,1,0,1,0,1,0,1
"moth_dec_4_MB_SampleID_88",627225.000008228,7189716.0000043,2012,1001.07674598694,0.550000111262,202,-0.455833333333333,1,1,0,0,0,1,1,0,0,1,1,0,1,1,1,1,0,0,0,0,0,1,0,0,0,0,1,0,1,1,1,0,1,0,1,1,0,1,0,1,1,0,1,0,1,0,1,0,1,1,1,1,0,0,0,1,1,0,1,0,0,0,1,1,0,1,1,1,0,0,0,0,1,0,1,1,0,1,1,1,1,1,1,1,0,1,0,0,1,0,0,0,1,0,0,1,1,1,1,0,1,0,1,1,1,1,0,0,0,1,0,0,0,0,1,0,0,0,1,1,1,1,1,1,0,1,1,0,0,1,0,1,0,1,0,1,0,1,0,0,0,0,0,1,0,0,0,1,1,1,1,0,0,1,1,0,1,0,1,0,0,0,1,0,0,1,0,0,1,0,0,1,1,0,0,0,0,1,0,0,1,0,0,0,1,0,1,0,0,1,0,1,0,0,0,1,1,0,0,1,0,0,0,1,0,0,0,1,1,1,0,0,1,0,0,0,1,0,0,1,0,0,1,0,0,0,0,0,0,1,0,0,1,1,0,1,0,0,0,0,0,1,0,1,1,0,0,0,1,0,0,0,1,1,0,1,1,0,1,1,0,0,0,1,1,1,0,0,0,1,0,1,1,1,0,1,1,1,1,0,0,1,0,1,0,1,0,0,0,1,0,1
"moth_dec_4_MB_SampleID_89",627225.000000205,7189716.0000089,2013,838.507875442505,2.37500003352762,193,0.21,1,0,0,0,0,0,0,0,0,0,1,1,0,0,1,0,0,0,1,1,0,1,0,0,0,0,0,0,1,1,1,0,1,0,0,1,0,1,0,1,1,0,1,0,1,0,1,0,1,1,1,1,0,1,1,1,1,0,1,0,0,0,1,1,0,0,1,1,0,0,0,1,1,1,0,0,0,1,1,1,0,1,1,1,1,1,0,0,0,1,0,1,0,0,0,1,1,1,1,0,1,0,0,1,1,1,0,0,1,1,0,0,0,1,1,0,0,0,1,1,0,1,1,0,0,1,1,0,0,1,0,0,0,1,0,1,0,0,0,0,0,0,0,1,0,0,0,1,1,1,1,1,0,1,1,0,0,0,1,0,0,0,1,1,0,0,0,0,1,0,0,0,1,0,0,0,0,1,0,0,1,0,0,0,1,0,1,0,0,1,0,1,1,0,0,1,1,0,0,1,0,0,0,1,0,1,0,1,0,0,1,0,1,0,0,0,1,0,0,0,0,0,1,1,0,0,0,0,1,0,0,0,1,1,0,0,1,0,0,0,0,1,1,1,1,0,0,1,1,1,0,0,1,1,0,1,1,0,1,1,0,0,0,1,0,1,1,0,0,1,0,1,1,1,0,0,1,1,1,0,0,1,0,0,1,1,0,0,0,1,1,0
"moth_dec_4_MB_SampleID_90",627225.00000253,7189716.00000162,2014,786.808149337769,2.41666671882073,215,0.186666666666667,0,1,0,0,0,0,0,0,0,0,1,1,1,1,1,0,0,0,1,0,0,1,0,0,0,1,0,0,0,1,1,0,1,1,1,1,1,1,0,1,1,0,1,1,1,0,1,0,1,1,1,1,1,0,0,1,1,1,1,1,1,0,1,1,0,0,1,1,0,0,0,1,1,1,0,1,0,1,1,1,0,1,1,1,1,1,0,0,0,0,0,0,1,0,0,1,1,1,0,0,1,0,0,1,1,1,0,0,1,0,0,0,0,0,1,1,0,0,1,0,0,0,0,0,0,1,1,0,0,0,0,1,0,1,0,1,1,0,0,0,0,0,0,1,0,0,0,1,1,1,0,1,0,0,1,0,1,0,1,0,0,0,0,1,0,1,0,0,0,0,0,0,1,0,1,1,0,1,0,0,1,0,0,0,1,0,1,0,0,1,1,1,0,0,0,1,1,0,0,1,0,0,0,1,0,1,0,0,0,0,1,0,1,1,0,0,1,0,0,1,0,0,1,1,0,1,0,0,1,0,0,0,1,1,0,1,0,1,1,0,0,1,1,1,1,0,0,0,1,0,0,0,1,1,0,1,0,0,0,0,0,0,0,1,0,1,1,0,0,1,0,1,0,1,0,0,1,1,1,0,0,1,1,0,0,1,0,0,0,1,1,0
"moth_dec_4_MB_SampleID_91",627225.000005607,7189716.00000473,2015,1119.84359359741,2.94166675209999,191,0.433333333333333,1,0,0,0,0,0,0,0,0,0,1,0,1,1,1,1,0,1,1,0,1,1,0,1,0,0,0,0,1,1,1,0,0,0,1,1,0,1,0,1,1,0,1,0,0,0,1,0,1,1,1,1,1,1,0,0,1,1,0,1,0,0,1,1,1,1,1,1,0,0,0,1,1,1,0,1,1,1,1,1,0,1,1,1,1,1,0,0,1,0,0,1,1,1,0,1,1,1,0,0,1,0,1,1,1,1,0,0,1,1,0,0,0,0,1,0,0,0,1,1,1,0,1,0,0,1,0,0,0,0,0,1,0,1,0,1,1,0,0,0,0,0,0,1,0,0,1,1,0,1,1,0,0,1,1,0,0,1,1,0,0,0,1,1,0,1,0,0,1,0,0,0,1,0,0,0,0,1,0,0,1,0,1,0,1,0,1,0,0,1,1,1,1,0,0,1,1,0,0,1,0,1,0,1,0,0,0,0,0,0,1,0,1,0,0,0,1,0,0,0,1,0,1,1,0,1,0,0,0,0,0,0,1,1,0,1,1,1,1,0,0,1,0,1,1,0,0,0,1,0,0,1,1,1,0,1,0,0,0,0,0,0,0,1,0,1,1,0,0,1,0,1,1,1,0,0,1,0,1,0,0,1,0,0,1,1,0,0,0,1,1,0
"moth_dec_4_MB_SampleID_92",627225.000008703,7189716.00000271,2016,849.116119384765,2.50000008940697,189,-0.0383333333333333,0,1,0,0,0,0,0,0,0,0,1,1,1,1,1,0,0,1,1,0,0,1,0,0,0,0,0,0,0,1,1,0,0,1,1,1,1,1,0,1,1,0,1,0,1,0,1,0,1,1,1,1,0,1,0,1,1,1,0,1,0,0,1,1,0,0,0,1,0,0,0,1,1,1,0,0,1,1,1,1,0,1,1,1,1,1,0,0,0,0,0,0,1,0,0,1,1,1,0,0,1,0,0,1,1,1,0,0,1,1,0,0,0,0,1,0,0,0,1,1,1,0,0,0,0,1,1,0,0,0,0,1,0,1,0,0,0,0,0,0,0,0,0,1,0,0,0,1,0,1,1,0,0,0,1,0,0,0,1,0,0,0,1,1,1,1,0,0,0,0,0,0,1,0,1,0,0,0,0,0,1,0,1,0,1,0,1,0,0,1,0,1,0,0,0,1,1,0,0,1,0,1,0,1,0,1,0,0,0,0,1,0,1,1,0,0,1,0,0,1,0,0,1,1,0,1,0,0,0,0,0,0,1,1,0,1,0,0,1,0,0,1,1,1,1,0,1,1,1,0,0,0,1,1,0,1,0,0,1,0,0,0,1,1,0,1,0,1,0,1,0,1,0,1,0,0,1,1,1,0,0,1,0,0,0,1,0,0,0,1,1,1
"moth_dec_4_MB_SampleID_93",385361.00000464,7215060.00000472,2008,721.521450996399,4.08333338052035,170,-0.378333333333333,0,0,0,0,0,0,1,0,0,0,0,0,1,1,1,0,1,0,0,0,1,0,1,1,0,0,0,0,0,1,0,0,0,0,0,0,0,0,0,0,0,1,0,0,0,0,1,0,0,1,0,1,0,0,0,0,0,0,0,0,1,0,1,0,0,0,0,1,0,0,0,0,1,0,0,0,1,1,1,0,0,1,0,1,0,0,0,0,0,0,0,0,1,0,0,0,0,0,0,0,1,0,0,1,0,1,0,0,1,0,0,0,0,0,1,0,0,0,1,0,0,0,0,0,0,0,0,0,1,0,0,0,0,0,0,0,0,1,0,0,0,0,0,1,0,0,0,1,0,0,1,1,0,0,0,0,0,1,0,1,0,0,0,0,0,0,0,0,0,0,0,1,0,0,0,0,0,0,0,0,1,0,0,0,0,1,0,0,0,0,0,0,1,0,1,1,1,0,0,1,1,0,0,0,1,0,0,0,0,0,0,0,0,0,0,0,1,0,0,0,0,0,1,0,0,0,0,0,0,0,0,0,0,0,1,0,0,0,0,0,0,1,0,0,0,0,0,0,1,0,0,0,0,0,0,0,0,0,0,1,0,1,0,1,1,0,1,0,1,0,0,1,0,0,0,1,1,1,0,0,0,0,0,0,1,1,0,0,1,1,0,0
"moth_dec_4_MB_SampleID_94",385361.000007683,7215060.00000528,2009,589.572076797485,3.20833328117927,150,-0.243333333333333,0,0,0,0,0,0,0,1,0,0,1,0,1,1,0,0,1,0,0,0,1,0,1,1,0,0,0,0,0,0,0,0,0,1,0,0,0,1,0,0,0,1,1,0,1,1,1,0,1,1,0,1,0,0,0,0,0,1,0,0,1,0,1,0,0,0,0,1,0,0,0,0,1,0,0,0,0,1,1,0,0,1,1,1,0,0,0,0,0,0,0,0,0,0,1,1,0,0,0,0,1,0,0,1,0,1,0,0,0,0,0,0,0,0,0,0,0,0,1,1,0,1,0,0,0,1,0,0,1,0,0,0,0,0,0,0,0,1,0,0,0,0,0,1,0,0,0,1,0,0,1,0,0,0,0,0,0,1,0,0,0,0,0,0,0,0,0,0,0,0,0,1,1,0,1,0,0,0,0,0,1,0,1,0,1,0,0,0,0,0,0,0,0,0,1,1,1,0,0,0,1,0,0,0,0,0,1,0,0,0,0,0,1,1,0,0,1,0,0,1,0,0,1,0,0,0,0,1,0,0,0,0,1,0,1,0,0,0,0,0,0,1,0,0,0,0,0,0,1,0,0,0,0,1,0,0,0,0,0,0,0,1,0,1,1,1,1,0,1,0,0,0,0,1,0,1,1,0,0,0,0,0,0,0,1,1,0,0,1,1,0,1
"moth_dec_4_MB_SampleID_95",385361.000007242,7215060.00000268,2010,623.12767124176,1.59166671832403,177,-1.1525,0,0,1,0,0,0,1,1,0,0,0,0,1,1,0,0,0,0,0,0,0,0,1,1,0,1,0,0,0,0,0,0,0,1,0,1,0,0,0,0,0,1,0,1,0,1,1,0,1,1,1,1,0,0,0,1,0,0,0,0,1,0,0,0,0,0,0,1,0,0,0,0,0,0,0,0,0,1,1,0,0,1,0,1,0,0,0,0,0,0,1,0,0,0,1,1,0,0,0,0,1,0,0,1,0,1,0,1,0,0,1,0,0,1,1,0,0,1,1,1,0,0,0,0,0,1,1,0,1,0,0,0,1,1,0,0,0,1,0,0,0,0,0,1,0,0,0,1,0,0,1,1,0,0,0,0,0,1,1,0,0,0,1,0,0,1,0,0,0,0,0,1,1,0,0,0,0,0,0,0,0,0,1,0,0,0,0,0,0,0,0,0,1,0,1,1,1,1,0,1,1,0,0,0,0,0,0,1,0,0,0,0,1,0,0,0,1,0,0,1,1,0,1,0,0,0,0,0,0,0,0,0,1,0,1,0,0,0,0,0,0,1,0,0,0,0,0,0,1,0,0,0,1,0,1,0,1,0,1,0,0,1,0,1,1,0,1,0,1,0,0,0,0,1,0,0,1,0,0,0,0,0,0,0,1,1,0,0,1,0,0,1
"moth_dec_4_MB_SampleID_96",385361.000005388,7215060.00000006,2011,709.844172477722,4.04166662941376,134,0.293333333333333,1,0,0,0,0,0,1,1,1,0,0,0,1,1,1,0,1,0,0,0,0,0,1,1,0,0,0,0,0,0,0,0,0,0,0,0,1,0,0,0,0,1,0,1,0,1,1,0,1,1,0,1,0,0,0,1,0,0,0,0,1,0,1,1,0,0,0,1,0,0,0,0,1,0,1,0,0,1,1,0,0,1,0,0,0,1,0,0,0,0,0,0,0,0,0,0,0,1,0,0,1,0,0,1,0,1,0,1,0,0,1,0,0,0,1,0,0,0,0,1,0,1,0,0,0,1,1,0,1,0,0,0,1,0,0,0,0,1,0,0,0,0,0,1,0,0,0,0,1,1,1,0,0,0,0,0,0,0,1,0,1,1,1,0,0,0,0,0,0,0,0,1,1,0,1,0,0,0,0,0,1,0,1,0,1,1,0,1,0,0,0,1,1,0,1,1,1,1,0,1,0,0,0,0,0,1,1,0,0,0,0,0,1,0,0,0,1,0,1,1,1,0,1,0,0,0,0,0,0,1,0,0,0,0,1,1,0,0,0,0,0,1,0,0,0,0,0,0,1,0,0,0,0,1,1,0,0,0,1,0,0,1,0,1,1,1,1,0,1,1,0,1,1,0,0,1,1,0,0,0,0,1,0,1,0,1,0,0,1,0,0,1
"moth_dec_4_MB_SampleID_97",385361.000008046,7215060.00000217,2012,680.848951339722,2.39166672031084,152,-0.455833333333333,1,0,0,1,0,0,1,1,1,0,1,0,1,0,1,0,1,0,0,0,1,1,1,1,0,1,0,0,0,0,1,0,0,0,0,1,1,0,0,0,1,1,0,0,1,0,1,0,1,1,1,1,0,0,0,0,0,0,0,0,1,0,0,1,0,0,0,1,0,0,0,0,1,0,1,0,0,1,1,0,0,1,0,0,0,1,0,0,0,0,0,0,1,0,0,1,0,0,0,0,1,0,1,1,0,1,0,1,0,1,1,0,0,0,0,0,0,0,1,1,1,0,0,0,0,1,1,0,1,0,0,0,0,0,0,0,0,1,0,0,0,0,0,0,0,0,0,1,0,0,1,0,0,1,0,0,0,1,0,1,1,0,0,0,0,0,0,0,0,1,0,1,1,0,1,0,0,0,0,0,1,0,1,1,1,0,0,0,0,0,0,1,1,0,1,1,1,0,0,1,1,1,0,1,0,0,0,0,0,0,0,0,0,1,0,0,1,0,1,1,0,0,1,0,1,0,0,0,1,1,0,0,0,1,1,1,0,0,1,0,0,1,0,0,0,0,0,0,1,1,0,0,1,1,0,0,1,0,0,1,0,0,0,1,1,0,0,0,1,0,0,1,0,0,0,0,1,0,0,0,0,1,0,0,1,1,0,0,1,1,0,0
"moth_dec_4_MB_SampleID_98",385361.0000038,7215060.00000141,2013,604.124153137207,4.22500005364418,137,0.21,0,0,0,1,0,0,0,0,1,0,0,0,1,0,1,0,1,0,0,0,1,0,1,1,0,1,0,0,0,0,0,0,0,1,0,1,0,1,0,0,1,1,1,0,0,0,1,0,1,1,0,1,1,0,0,0,0,0,0,0,1,0,0,0,0,0,0,1,0,0,0,0,0,1,0,0,0,1,1,0,1,1,0,1,0,1,0,0,0,0,0,0,0,0,0,1,1,0,0,0,1,0,0,1,0,1,0,1,0,0,1,0,1,0,1,0,0,0,1,1,0,1,0,0,0,1,1,0,1,0,0,0,0,0,0,0,0,0,0,0,0,0,0,1,0,0,0,1,0,1,0,0,0,1,0,0,1,1,1,1,0,0,1,1,0,1,0,0,0,0,1,0,1,0,0,0,1,0,0,1,1,0,0,0,1,1,0,0,0,0,0,1,0,0,0,1,1,0,1,1,0,0,0,0,0,0,0,1,0,0,0,1,1,0,0,0,1,0,1,1,1,0,1,0,0,1,0,0,1,0,0,0,0,1,0,0,0,0,1,0,0,1,0,1,1,0,0,1,1,0,0,0,1,0,0,1,0,0,0,1,1,0,1,1,0,0,0,0,1,0,0,1,0,0,0,0,1,0,0,0,0,1,0,0,0,1,0,0,1,0,1,1
"moth_dec_4_MB_SampleID_99",385361.000000536,7215060.00000795,2014,520.411845207214,4.71666661091148,95,0.186666666666667,0,0,0,0,0,0,0,0,1,0,0,0,1,0,1,0,1,0,1,0,1,0,0,0,0,0,0,0,0,0,0,0,0,0,0,0,0,0,0,0,0,0,0,0,0,0,0,0,0,0,0,1,0,0,0,0,0,0,0,0,1,0,0,0,0,0,0,1,0,0,0,0,0,0,0,0,0,1,0,0,0,1,0,0,0,0,0,0,0,0,0,0,0,0,1,0,0,0,0,0,1,0,0,1,1,0,0,0,0,0,0,0,0,0,1,0,0,0,1,0,0,0,0,0,0,0,1,0,0,0,0,0,1,0,0,0,1,0,0,0,0,0,0,1,0,0,0,0,0,0,0,0,1,0,0,0,0,0,0,1,0,0,0,0,0,0,0,0,0,0,1,0,1,0,0,0,0,0,0,0,1,0,0,0,0,0,0,0,0,0,0,0,1,0,0,0,1,0,0,0,1,0,0,0,0,0,0,0,0,0,0,0,1,0,0,0,1,0,1,0,0,0,1,0,0,1,0,0,0,0,0,0,1,0,0,0,0,0,1,0,0,0,0,0,0,0,0,0,0,0,0,0,0,0,0,0,0,0,0,0,0,1,1,1,0,0,1,0,1,0,0,1,0,0,0,0,1,0,0,0,0,0,0,0,0,1,0,0,0,0,1,0
"moth_dec_4_MB_SampleID_100",385361.000000137,7215060.00000598,2015,783.292016983033,5.02500004072984,124,0.433333333333333,0,0,0,0,0,0,0,0,1,0,0,0,1,1,1,0,1,0,1,0,1,1,1,1,0,1,0,0,0,1,0,0,0,1,0,0,1,1,0,0,0,1,0,0,1,0,1,0,0,1,0,1,1,0,0,0,0,0,0,0,1,0,1,1,1,1,0,1,0,0,0,1,0,0,0,0,0,1,1,0,0,1,1,1,0,0,1,0,1,0,0,0,0,0,0,1,0,0,0,1,1,0,0,1,0,1,0,0,0,0,0,0,1,0,0,0,0,0,1,0,0,0,0,0,0,0,1,0,1,0,0,0,1,0,0,0,0,0,0,0,0,0,0,0,0,0,0,1,0,0,0,0,0,0,1,0,0,0,1,1,1,0,0,1,1,0,0,0,0,0,1,0,1,0,1,0,1,0,0,0,0,0,0,0,1,0,0,0,0,1,0,0,1,0,0,0,1,0,0,1,1,1,0,1,0,0,0,0,0,0,0,0,0,0,0,0,1,0,1,0,0,1,1,1,0,1,0,1,0,0,0,0,1,0,0,0,0,0,1,0,0,1,0,0,1,0,0,0,0,1,0,0,1,1,0,0,0,0,0,0,0,1,1,1,0,1,1,0,1,1,0,0,0,0,0,0,1,0,0,0,0,0,0,0,0,1,0,0,1,0,1,0
"moth_dec_4_MB_SampleID_101",383976.00000629,7311784.00000617,2008,829.728021621704,2.55833340684573,172,-0.378333333333333,1,0,0,0,0,0,0,0,0,0,0,0,0,1,1,0,0,1,0,0,1,0,0,0,0,0,0,0,0,0,0,0,0,0,0,1,0,1,0,1,1,0,1,0,0,0,1,0,0,1,1,0,0,0,0,0,1,0,0,1,0,0,1,0,1,1,0,1,0,0,0,0,0,0,1,0,1,1,1,0,1,1,1,1,0,0,0,1,0,0,0,0,1,0,1,1,1,1,1,1,1,0,1,1,0,1,0,1,1,0,0,0,0,0,0,0,0,1,1,0,1,1,0,0,0,1,0,1,0,0,0,0,0,1,0,0,0,1,0,0,0,0,0,1,0,0,0,1,0,1,0,0,0,1,0,0,0,1,0,0,0,0,1,0,0,0,1,0,1,0,0,1,0,0,0,0,0,1,0,0,1,0,0,0,1,0,1,0,0,1,0,1,0,0,0,1,1,0,0,1,1,0,0,0,1,0,0,0,0,0,0,0,1,0,0,0,1,0,0,0,0,0,1,1,0,0,0,0,1,1,1,0,1,1,1,0,0,0,1,0,1,1,0,1,0,0,0,0,1,0,0,0,1,1,0,0,0,0,1,1,0,0,0,1,0,0,0,0,1,0,0,0,1,1,0,1,1,0,1,0,0,1,0,0,0,1,0,0,0,0,0,0
"moth_dec_4_MB_SampleID_102",383976.000001883,7311784.00000266,2009,604.552578926086,2.11666664853692,194,-0.243333333333333,0,0,0,0,0,1,0,0,0,0,0,0,1,0,1,0,0,0,0,0,0,1,0,0,0,0,0,0,0,0,0,0,0,1,0,0,0,1,0,1,1,0,0,0,1,0,1,0,0,1,1,1,0,0,0,0,1,0,0,1,0,0,0,1,0,0,1,1,0,0,0,0,0,0,1,0,0,1,0,0,0,1,0,1,1,1,0,1,0,0,1,0,1,0,1,1,1,1,0,1,1,0,1,1,1,1,0,1,0,0,0,0,0,0,1,0,0,0,1,1,0,0,0,1,1,1,1,0,1,0,0,1,0,1,0,0,0,1,0,0,0,0,0,1,0,0,0,1,1,1,0,0,0,1,1,0,0,0,0,0,0,0,0,0,0,0,0,0,1,0,0,1,1,0,0,0,0,1,0,0,1,0,0,0,1,0,1,0,0,1,0,1,0,0,0,1,1,1,0,1,0,0,0,0,0,0,0,1,0,1,0,0,0,1,0,0,1,0,0,0,0,0,1,0,1,0,0,0,1,1,0,0,1,1,1,0,0,0,1,0,1,1,0,1,0,0,0,0,1,0,0,0,1,1,1,1,0,0,0,0,0,0,0,0,0,0,1,0,0,0,0,1,1,0,0,1,1,1,1,1,0,1,0,1,0,1,0,0,0,0,0,0
"moth_dec_4_MB_SampleID_103",383976.000004965,7311784.00000406,2010,618.233934402466,0.308333317438758,176,-1.1525,1,0,0,0,0,0,0,0,0,0,0,0,0,0,0,0,0,0,0,0,1,0,0,0,0,0,0,0,0,0,0,0,0,0,0,1,0,1,0,0,1,0,0,0,1,0,1,0,0,1,1,1,0,0,0,0,1,0,0,0,1,0,0,0,0,0,0,1,0,0,0,0,0,0,1,0,0,1,1,0,0,1,1,1,1,1,0,0,0,0,0,0,1,0,1,0,1,1,0,0,1,0,1,1,1,1,0,1,1,0,0,0,0,0,0,1,0,0,1,1,0,1,0,0,1,1,0,1,0,0,0,0,0,0,0,0,0,1,0,0,0,0,0,0,0,0,0,1,0,1,0,0,0,0,1,0,0,0,0,0,0,0,1,0,0,0,0,1,1,0,0,1,0,0,0,0,0,1,0,0,0,0,0,0,0,0,1,1,0,1,0,0,0,0,0,1,1,0,0,1,0,0,0,0,1,0,0,0,0,0,0,0,1,0,0,1,1,0,0,0,0,0,1,0,0,0,0,0,0,1,0,0,0,0,0,0,0,0,1,1,0,1,1,0,0,0,0,0,0,0,0,0,1,1,1,1,0,0,1,0,0,0,0,1,0,1,0,0,1,0,1,0,0,1,0,1,1,0,1,0,0,1,0,1,0,1,0,0,0,1,0,0
"moth_dec_4_MB_SampleID_104",383976.00000189,7311784.00000386,2011,943.251399993896,3.14166669547558,147,0.293333333333333,1,0,0,0,0,1,0,0,0,0,0,0,1,0,1,0,0,0,0,0,0,0,0,0,0,0,0,0,0,0,0,0,0,0,0,0,0,1,0,1,0,0,0,1,0,0,1,0,1,1,1,0,0,0,1,1,1,0,0,0,1,0,0,1,0,0,0,1,0,0,0,0,1,0,0,0,0,1,0,0,0,1,0,1,1,1,0,1,0,1,0,0,1,0,1,0,1,1,0,0,1,0,0,1,0,1,0,0,1,1,0,0,0,0,0,0,0,0,1,1,0,0,0,0,0,1,0,0,0,0,0,1,0,0,0,0,0,1,0,0,0,0,0,1,0,0,0,1,0,0,0,0,0,0,0,0,0,1,0,0,0,0,1,0,0,0,0,0,0,0,0,1,0,0,0,0,0,1,0,0,0,0,0,0,0,0,1,1,0,1,0,1,0,0,0,1,1,0,0,0,0,0,0,0,1,0,1,1,0,0,0,0,0,0,0,0,1,0,0,0,0,0,1,0,0,0,0,0,0,1,0,0,0,1,1,0,0,0,1,0,0,1,0,0,0,0,0,1,1,1,0,0,0,1,1,1,0,0,0,0,0,0,0,1,0,1,0,1,0,0,0,1,1,1,0,1,1,0,0,1,1,1,0,0,0,1,0,0,0,0,0,1
"moth_dec_4_MB_SampleID_105",383976.00000989,7311784.00000788,2012,1012.6054649353,1.30000015596548,186,-0.455833333333333,1,0,0,0,0,1,0,0,0,0,0,0,0,0,1,0,0,0,0,0,0,1,0,0,0,0,0,0,0,1,1,0,0,1,1,1,0,1,0,1,1,0,0,0,0,0,1,0,1,1,1,0,0,0,0,0,1,0,1,0,0,0,0,0,1,1,1,0,0,0,0,0,0,0,1,0,0,1,1,0,0,1,0,0,0,1,0,1,0,1,0,0,0,0,0,0,1,1,0,1,1,0,0,1,0,1,0,0,1,1,0,0,0,0,1,0,0,1,1,1,1,1,0,1,1,1,0,1,0,0,0,1,0,1,0,0,0,1,0,0,0,0,0,0,0,0,0,1,0,1,0,0,0,1,1,0,0,1,0,0,1,1,1,0,0,1,1,1,0,0,0,1,0,0,0,0,0,1,0,0,0,0,0,0,1,0,1,1,0,1,0,1,0,0,0,1,1,0,0,1,0,0,0,0,1,0,1,1,0,0,0,0,0,0,0,0,1,0,0,0,0,0,1,0,1,0,0,0,1,1,0,0,1,1,1,0,0,0,1,0,1,1,0,1,1,0,0,0,1,1,0,0,1,1,0,0,0,0,1,0,0,0,0,1,0,0,0,0,0,0,0,1,1,1,0,1,1,0,1,0,0,1,0,1,0,1,0,0,0,0,0,0
"moth_dec_4_MB_SampleID_106",383976.000003078,7311784.00000724,2013,764.828095436096,2.83333332836627,184,0.21,0,0,0,0,0,0,0,0,0,0,0,0,1,1,1,0,0,0,0,0,0,0,0,0,0,1,0,0,0,1,0,0,0,1,1,1,0,1,0,1,1,0,0,0,1,0,1,0,1,1,1,0,1,0,0,1,1,1,0,1,0,0,0,0,1,1,0,0,0,0,0,1,1,0,0,0,0,1,1,0,0,1,0,1,1,0,0,1,0,0,0,0,0,0,1,0,1,1,0,1,1,0,0,1,1,1,0,0,1,1,0,0,0,0,1,0,0,0,1,1,1,1,0,0,0,1,0,0,0,0,0,0,0,1,0,0,0,0,0,0,0,0,0,1,0,0,0,1,0,0,0,0,0,1,0,0,0,1,0,0,1,0,0,1,0,1,0,0,0,0,0,0,0,0,0,0,0,0,0,0,0,0,0,0,1,1,1,1,0,1,0,1,0,0,0,1,1,0,0,1,0,1,0,0,1,0,0,0,0,0,0,0,0,0,1,0,1,0,0,0,0,0,1,0,1,0,1,0,1,1,0,0,1,0,0,0,0,0,0,0,1,1,0,1,0,0,0,0,0,1,0,0,1,1,0,0,0,0,1,0,0,0,0,1,0,0,0,0,0,0,0,1,1,0,0,0,1,0,1,1,0,1,0,0,0,1,0,0,0,1,1,0
"moth_dec_4_MB_SampleID_107",383976.000000419,7311784.00000189,2014,698.568536758423,3.57499999801318,177,0.186666666666667,1,0,0,0,0,0,0,0,0,0,0,0,1,0,1,0,1,0,1,0,0,1,0,0,0,0,0,0,0,0,1,0,0,0,1,1,0,1,0,1,1,0,1,1,1,0,1,0,0,1,1,1,1,0,1,1,1,0,0,1,1,0,1,1,1,1,1,1,0,0,0,1,1,1,0,1,0,1,1,0,0,1,0,0,1,1,0,1,0,0,0,0,1,0,1,0,1,1,0,1,1,0,0,1,1,1,1,1,0,0,0,0,0,0,1,0,0,1,1,1,1,1,0,0,0,1,1,0,0,0,0,1,1,1,0,0,1,0,0,0,0,0,0,1,0,0,1,1,0,1,0,0,0,1,0,0,0,1,1,1,1,0,0,1,0,1,1,0,1,0,0,0,1,0,0,1,0,1,0,0,0,0,0,0,1,0,0,1,0,1,0,0,0,0,0,1,1,0,0,1,0,0,0,0,1,0,0,1,0,0,0,0,0,0,1,0,1,0,0,0,0,0,1,0,1,0,1,0,1,1,0,1,1,0,0,1,0,1,0,0,1,1,1,1,1,0,0,0,0,0,0,0,1,1,0,0,1,0,1,0,0,0,1,1,0,1,0,0,1,0,1,1,1,0,0,0,1,0,1,1,0,1,0,1,0,1,0,0,0,0,1,0
